"date","abbrev","population","unemployment","bachelors","rgdp_2017","state","legal","legal.year","retailyear","onlineyear","online","retail","tribalonly","notes"
2006,"AK",675.302,6.6,26.9,47546.2,"Alaska",0,NA,NA,NA,0,0,0,""
2006,"AL",4628.981,4,21.1,199923.9,"Alabama",0,NA,NA,NA,0,0,0,""
2006,"AR",2821.761,5.2,18.2,114890.4,"Arkansas",1,2018,2019,2022,1,1,0,""
2006,"AZ",6029.141,4.3,25.5,296424.4,"Arizona",1,2021,2021,2021,1,1,0,""
2006,"CA",36021.202,4.9,29,2120435.4,"California",0,NA,NA,NA,0,0,0,""
2006,"CO",4720.423,4.3,34.3,268190.8,"Colorado",1,2019,2020,2020,1,1,0,""
2006,"CT",3517.46,4.4,33.7,269478.6,"Connecticut",1,2021,2021,2021,1,1,0,""
2006,"DE",859.268,3.6,27,68411.8,"Delaware",1,2018,2018,2018,1,1,0,""
2006,"FL",18166.99,3.3,25.3,909298.9,"Florida",1,2021,2023,2023,1,1,0,"lawsuit in 2021 that shut down operations"
2006,"GA",9155.813,4.7,26.6,487524.9,"Georgia",0,NA,NA,NA,0,0,0,""
2006,"HI",1309.731,2.6,29.7,74893,"Hawaii",0,NA,NA,NA,0,0,0,""
2006,"IA",2982.644,3.7,24,155704.5,"Iowa",1,2019,2019,2019,1,1,0,""
2006,"ID",1468.669,3.4,23.3,60738.6,"Idaho",0,NA,NA,NA,0,0,0,""
2006,"IL",12643.955,4.6,28.9,759825.7,"Illinois",1,2019,2020,2020,1,1,0,""
2006,"IN",6332.669,5,21.7,312525.6,"Indiana",1,2019,2019,2019,1,1,0,""
2006,"KS",2762.931,4.4,28.6,136135.8,"Kansas",1,2022,2022,2022,1,1,0,""
2006,"KY",4219.239,5.7,20,186332.7,"Kentucky",1,2023,2023,2023,1,1,0,""
2006,"LA",4302.665,4.1,20.3,247139.7,"Louisiana",1,2021,2021,2022,1,1,0,""
2006,"MA",6410.084,4.7,37,426926.1,"Massachusetts",1,2022,2023,2023,1,1,0,""
2006,"MD",5627.367,3.9,35.1,329874,"Maryland",1,2021,2021,2021,1,1,0,""
2006,"ME",1323.619,4.7,25.8,59986,"Maine",1,2022,2023,2023,1,1,0,""
2006,"MI",10036.081,6.9,24.5,483763.6,"Michigan",1,2019,2020,2021,1,1,0,""
2006,"MN",5163.555,4.1,30.4,302272.7,"Minnesota",0,NA,NA,NA,0,0,0,""
2006,"MO",5842.704,4.9,24.3,286558.3,"Missouri",0,NA,NA,NA,0,0,0,""
2006,"MS",2904.978,6.4,18.8,105879.9,"Mississippi",1,2017,2017,NA,0,1,0,""
2006,"MT",952.692,3.4,27.4,40055,"Montana",1,2019,2019,NA,0,1,0,""
2006,"NC",8917.27,4.7,24.8,470663.9,"North Carolina",1,2019,2019,2023,1,1,0,"retail is tribal"
2006,"ND",649.422,3.1,25.6,30911.4,"North Dakota",1,2018,2018,2018,0,1,1,""
2006,"NE",1772.693,3,26.9,97322.8,"Nebraska",1,2021,2021,NA,0,1,0,""
2006,"NH",1308.389,3.5,31.9,71424.5,"New Hampshire",1,2019,2019,2019,1,1,0,""
2006,"NJ",8661.679,4.7,33.4,555211,"New Jersey",1,2018,2018,2018,1,1,0,""
2006,"NM",1962.137,4.2,25.3,88554.5,"New Mexico",1,2018,2018,NA,0,1,1,""
2006,"NV",2522.658,4.2,20.8,156297.9,"Nevada",1,1949,1949,2010,1,1,0,""
2006,"NY",19104.631,4.5,31.2,1339568.5,"New York",1,2013,2019,2022,1,1,0,"https://www.deucescracked.com/ny-sports-betting-guide-getting-started-2025-update/"
2006,"OH",11481.213,5.4,23,582637.6,"Ohio",1,2021,2021,2021,1,1,0,""
2006,"OK",3594.09,3.9,22.1,149367.2,"Oklahoma",0,NA,NA,NA,0,0,0,""
2006,"OR",3670.883,5.4,27.5,177222.4,"Oregon",1,2019,2019,2019,1,1,0,""
2006,"PA",12510.809,4.7,25.4,626589.9,"Pennsylvania",1,2017,2017,2017,1,1,0,""
2006,"RI",1063.096,5.3,29.6,57415.8,"Rhode Island",1,2018,2018,2019,1,1,0,""
2006,"SC",4357.847,6.4,22.7,187386.1,"South Carolina",0,NA,NA,NA,0,0,0,""
2006,"SD",783.033,3,24.8,39961.7,"South Dakota",1,2021,2021,NA,0,1,0,""
2006,"TN",6088.766,5.2,21.7,295668.2,"Tennessee",1,2019,NA,2019,1,0,0,""
2006,"TX",23359.58,5,24.7,1225147.3,"Texas",0,NA,NA,NA,0,0,0,""
2006,"UT",2525.507,2.9,28.6,127539.4,"Utah",0,NA,NA,NA,0,0,0,""
2006,"VA",7673.725,3.1,32.7,451263.1,"Virginia",1,2020,2020,2020,1,1,0,""
2006,"VT",622.892,3.7,32.4,29420.9,"Vermont",1,2023,NA,2023,1,0,0,""
2006,"WA",6370.753,5,30.5,372145.1,"Washington",1,2020,2020,NA,0,1,1,"tribal-only"
2006,"WI",5577.655,4.7,25.1,287146.6,"Wisconsin",1,2021,2021,NA,0,1,1,"tribal-only"
2006,"WV",1827.912,4.8,16.5,68900,"West Virginia",1,2018,2018,2018,1,1,0,""
2006,"WY",522.667,3.1,22.7,36655.7,"Wyoming",1,2021,2021,2021,1,1,0,""
2007,"AK",680.3,6.3,26,50126.8,"Alaska",0,NA,NA,NA,0,0,0,""
2007,"AL",4672.84,4.1,21.4,202025.5,"Alabama",0,NA,NA,NA,0,0,0,""
2007,"AR",2848.65,5.4,19.3,114026.7,"Arkansas",1,2018,2019,2022,1,1,0,""
2007,"AZ",6167.681,3.7,25.3,306611.6,"Arizona",1,2021,2021,2021,1,1,0,""
2007,"CA",36250.311,5.3,29.5,2168940.4,"California",0,NA,NA,NA,0,0,0,""
2007,"CO",4803.868,3.7,35,278733.8,"Colorado",1,2019,2020,2020,1,1,0,""
2007,"CT",3527.27,4.5,34.7,278485.4,"Connecticut",1,2021,2021,2021,1,1,0,""
2007,"DE",871.749,3.4,26.1,68132.4,"Delaware",1,2018,2018,2018,1,1,0,""
2007,"FL",18367.842,4,25.8,922288.3,"Florida",1,2021,2023,2023,1,1,0,"lawsuit in 2021 that shut down operations"
2007,"GA",9349.988,4.6,27.1,492238.7,"Georgia",0,NA,NA,NA,0,0,0,""
2007,"HI",1315.675,2.7,29.2,76434.1,"Hawaii",0,NA,NA,NA,0,0,0,""
2007,"IA",2999.212,3.7,24.3,162838.1,"Iowa",1,2019,2019,2019,1,1,0,""
2007,"ID",1505.105,3,24.5,61812.1,"Idaho",0,NA,NA,NA,0,0,0,""
2007,"IL",12695.866,5.1,29.5,769571.6,"Illinois",1,2019,2020,2020,1,1,0,""
2007,"IN",6379.599,4.6,22.1,322661.7,"Indiana",1,2019,2019,2019,1,1,0,""
2007,"KS",2783.785,4.3,28.8,143586.6,"Kansas",1,2022,2022,2022,1,1,0,""
2007,"KY",4256.672,5.4,20,185790.1,"Kentucky",1,2023,2023,2023,1,1,0,""
2007,"LA",4375.581,4.1,20.4,234216.4,"Louisiana",1,2021,2021,2022,1,1,0,""
2007,"MA",6431.559,4.5,37.9,440373.9,"Massachusetts",1,2022,2023,2023,1,1,0,""
2007,"MD",5653.408,3.4,35.2,331763.5,"Maryland",1,2021,2021,2021,1,1,0,""
2007,"ME",1327.04,4.7,26.7,60032.7,"Maine",1,2022,2023,2023,1,1,0,""
2007,"MI",10001.284,7.1,24.7,482935.1,"Michigan",1,2019,2020,2021,1,1,0,""
2007,"MN",5207.203,4.6,31,304208,"Minnesota",0,NA,NA,NA,0,0,0,""
2007,"MO",5887.612,5.1,24.5,288320.9,"Missouri",0,NA,NA,NA,0,0,0,""
2007,"MS",2928.35,6.1,18.9,107713.9,"Mississippi",1,2017,2017,NA,0,1,0,""
2007,"MT",964.706,3.4,27,42057.7,"Montana",1,2019,2019,NA,0,1,0,""
2007,"NC",9118.037,4.7,25.6,477920.8,"North Carolina",1,2019,2019,2023,1,1,0,"retail is tribal"
2007,"ND",652.822,3,25.7,32529,"North Dakota",1,2018,2018,2018,0,1,1,""
2007,"NE",1783.44,3,27.5,99780.8,"Nebraska",1,2021,2021,NA,0,1,0,""
2007,"NH",1312.54,3.5,32.5,71943.5,"New Hampshire",1,2019,2019,2019,1,1,0,""
2007,"NJ",8677.885,4.2,33.9,560823.8,"New Jersey",1,2018,2018,2018,1,1,0,""
2007,"NM",1990.07,3.5,24.8,89392.4,"New Mexico",1,2018,2018,NA,0,1,1,""
2007,"NV",2601.072,4.8,21.8,157734.3,"Nevada",1,1949,1949,2010,1,1,0,""
2007,"NY",19132.335,4.4,31.7,1353798.9,"New York",1,2013,2019,2022,1,1,0,"https://www.deucescracked.com/ny-sports-betting-guide-getting-started-2025-update/"
2007,"OH",11500.468,5.6,24.1,585403,"Ohio",1,2021,2021,2021,1,1,0,""
2007,"OK",3634.349,4,22.8,152879.6,"Oklahoma",0,NA,NA,NA,0,0,0,""
2007,"OR",3722.417,5.2,28.3,180724.3,"Oregon",1,2019,2019,2019,1,1,0,""
2007,"PA",12563.937,4.6,25.8,649638,"Pennsylvania",1,2017,2017,2017,1,1,0,""
2007,"RI",1057.315,5.1,29.8,56230.6,"Rhode Island",1,2018,2018,2019,1,1,0,""
2007,"SC",4444.11,5.6,23.5,193386.6,"South Carolina",0,NA,NA,NA,0,0,0,""
2007,"SD",791.623,2.9,25,41646.2,"South Dakota",1,2021,2021,NA,0,1,0,""
2007,"TN",6175.727,4.7,21.8,294819.8,"Tennessee",1,2019,NA,2019,1,0,0,""
2007,"TX",23831.983,4.3,25.2,1288828.7,"Texas",0,NA,NA,NA,0,0,0,""
2007,"UT",2597.746,2.6,28.7,133799.8,"Utah",0,NA,NA,NA,0,0,0,""
2007,"VA",7751,3.1,33.6,457568.9,"Virginia",1,2020,2020,2020,1,1,0,""
2007,"VT",623.481,3.9,33.6,29296.6,"Vermont",1,2023,NA,2023,1,0,0,""
2007,"WA",6461.587,4.6,30.3,394221.9,"Washington",1,2020,2020,NA,0,1,1,"tribal-only"
2007,"WI",5610.775,4.8,25.4,289855.2,"Wisconsin",1,2021,2021,NA,0,1,1,"tribal-only"
2007,"WV",1834.052,4.5,17.3,69374.1,"West Virginia",1,2018,2018,2018,1,1,0,""
2007,"WY",534.876,2.7,23.4,39504.9,"Wyoming",1,2021,2021,2021,1,1,0,""
2008,"AK",687.455,6.5,27.3,49926.6,"Alaska",0,NA,NA,NA,0,0,0,""
2008,"AL",4718.206,5.9,22,200967.5,"Alabama",0,NA,NA,NA,0,0,0,""
2008,"AR",2874.554,5.4,18.8,113628,"Arkansas",1,2018,2019,2022,1,1,0,""
2008,"AZ",6280.362,5.8,25.1,302277.9,"Arizona",1,2021,2021,2021,1,1,0,""
2008,"CA",36604.337,7.3,29.6,2192331.8,"California",0,NA,NA,NA,0,0,0,""
2008,"CO",4889.73,4.8,35.6,281803.3,"Colorado",1,2019,2020,2020,1,1,0,""
2008,"CT",3545.579,5.6,35.6,277793.2,"Connecticut",1,2021,2021,2021,1,1,0,""
2008,"DE",883.874,4.9,27.5,65771.3,"Delaware",1,2018,2018,2018,1,1,0,""
2008,"FL",18527.305,6.3,25.8,891766.8,"Florida",1,2021,2023,2023,1,1,0,"lawsuit in 2021 that shut down operations"
2008,"GA",9504.843,6.4,27.5,481860.3,"Georgia",0,NA,NA,NA,0,0,0,""
2008,"HI",1332.213,4.1,29.1,76830.2,"Hawaii",0,NA,NA,NA,0,0,0,""
2008,"IA",3016.734,4.2,24.3,160469.1,"Iowa",1,2019,2019,2019,1,1,0,""
2008,"ID",1534.32,5,24,63878.2,"Idaho",0,NA,NA,NA,0,0,0,""
2008,"IL",12747.038,6.5,29.9,759095.3,"Illinois",1,2019,2020,2020,1,1,0,""
2008,"IN",6424.806,5.9,22.9,322384.3,"Indiana",1,2019,2019,2019,1,1,0,""
2008,"KS",2808.076,4.6,29.6,147265,"Kansas",1,2022,2022,2022,1,1,0,""
2008,"KY",4289.878,6.5,19.7,186516,"Kentucky",1,2023,2023,2023,1,1,0,""
2008,"LA",4435.586,4.7,20.3,237061.6,"Louisiana",1,2021,2021,2022,1,1,0,""
2008,"MA",6468.967,5.3,38.1,447526.8,"Massachusetts",1,2022,2023,2023,1,1,0,""
2008,"MD",5684.965,4.3,35.2,338165.4,"Maryland",1,2021,2021,2021,1,1,0,""
2008,"ME",1330.509,5.4,25.4,59845.1,"Maine",1,2022,2023,2023,1,1,0,""
2008,"MI",9946.889,8.2,24.7,455256.7,"Michigan",1,2019,2020,2021,1,1,0,""
2008,"MN",5247.018,5.5,31.5,309290.4,"Minnesota",0,NA,NA,NA,0,0,0,""
2008,"MO",5923.916,6.2,25,297881.8,"Missouri",0,NA,NA,NA,0,0,0,""
2008,"MS",2947.806,6.7,19.4,109434,"Mississippi",1,2017,2017,NA,0,1,0,""
2008,"MT",976.415,4.7,27.1,42049.3,"Montana",1,2019,2019,NA,0,1,0,""
2008,"NC",9309.449,5.9,26.1,492688.8,"North Carolina",1,2019,2019,2023,1,1,0,"retail is tribal"
2008,"ND",657.569,3.1,26.9,35030.4,"North Dakota",1,2018,2018,2018,0,1,1,""
2008,"NE",1796.378,3.3,27.1,99860.1,"Nebraska",1,2021,2021,NA,0,1,0,""
2008,"NH",1315.906,3.8,33.3,71195.6,"New Hampshire",1,2019,2019,2019,1,1,0,""
2008,"NJ",8711.09,5.4,34.4,573202.7,"New Jersey",1,2018,2018,2018,1,1,0,""
2008,"NM",2010.662,4.4,24.7,89012.9,"New Mexico",1,2018,2018,NA,0,1,1,""
2008,"NV",2653.63,6.9,21.9,152745.6,"Nevada",1,1949,1949,2010,1,1,0,""
2008,"NY",19212.436,5.4,31.9,1328095.7,"New York",1,2013,2019,2022,1,1,0,"https://www.deucescracked.com/ny-sports-betting-guide-getting-started-2025-update/"
2008,"OH",11515.391,6.6,24.1,580389.1,"Ohio",1,2021,2021,2021,1,1,0,""
2008,"OK",3668.976,3.6,22.2,158987.7,"Oklahoma",0,NA,NA,NA,0,0,0,""
2008,"OR",3768.748,6.3,28.1,184842.6,"Oregon",1,2019,2019,2019,1,1,0,""
2008,"PA",12612.285,5.4,26.3,665148.3,"Pennsylvania",1,2017,2017,2017,1,1,0,""
2008,"RI",1055.003,7.6,30,54977.1,"Rhode Island",1,2018,2018,2019,1,1,0,""
2008,"SC",4528.996,6.9,23.7,192497.1,"South Carolina",0,NA,NA,NA,0,0,0,""
2008,"SD",799.124,3.1,25.1,43278.5,"South Dakota",1,2021,2021,NA,0,1,0,""
2008,"TN",6247.411,6.5,22.9,298526.9,"Tennessee",1,2019,NA,2019,1,0,0,""
2008,"TX",24309.039,4.9,25.3,1287191.5,"Texas",0,NA,NA,NA,0,0,0,""
2008,"UT",2663.029,3.3,29.1,133662.9,"Utah",0,NA,NA,NA,0,0,0,""
2008,"VA",7833.496,4.1,33.7,462034.7,"Virginia",1,2020,2020,2020,1,1,0,""
2008,"VT",624.151,4.5,32.1,30168.7,"Vermont",1,2023,NA,2023,1,0,0,""
2008,"WA",6562.231,5.2,30.7,401093.2,"Washington",1,2020,2020,NA,0,1,1,"tribal-only"
2008,"WI",5640.996,4.9,25.7,286204.7,"Wisconsin",1,2021,2021,NA,0,1,1,"tribal-only"
2008,"WV",1840.31,4.5,17.1,70966.8,"West Virginia",1,2018,2018,2018,1,1,0,""
2008,"WY",546.043,3,23.6,41641.3,"Wyoming",1,2021,2021,2021,1,1,0,""
2009,"AK",698.895,7.8,26.6,54952,"Alaska",0,NA,NA,NA,0,0,0,""
2009,"AL",4757.938,9.7,22,194192.1,"Alabama",0,NA,NA,NA,0,0,0,""
2009,"AR",2896.843,7.7,18.9,109833.1,"Arkansas",1,2018,2019,2022,1,1,0,""
2009,"AZ",6343.154,9.7,25.6,277412.4,"Arizona",1,2021,2021,2021,1,1,0,""
2009,"CA",36961.229,11.5,29.9,2110679.4,"California",0,NA,NA,NA,0,0,0,""
2009,"CO",4972.195,8,35.9,275659.1,"Colorado",1,2019,2020,2020,1,1,0,""
2009,"CT",3561.807,8.3,35.6,265530.8,"Connecticut",1,2021,2021,2021,1,1,0,""
2009,"DE",891.73,8.2,28.7,69186.1,"Delaware",1,2018,2018,2018,1,1,0,""
2009,"FL",18652.644,10.2,25.3,840480.7,"Florida",1,2021,2023,2023,1,1,0,"lawsuit in 2021 that shut down operations"
2009,"GA",9620.846,9.9,27.5,464016.8,"Georgia",0,NA,NA,NA,0,0,0,""
2009,"HI",1346.717,6.5,29.6,74118.5,"Hawaii",0,NA,NA,NA,0,0,0,""
2009,"IA",3032.87,6.5,25.1,156737.2,"Iowa",1,2019,2019,2019,1,1,0,""
2009,"ID",1554.439,9,23.9,61276,"Idaho",0,NA,NA,NA,0,0,0,""
2009,"IL",12796.778,10,30.6,740794.3,"Illinois",1,2019,2020,2020,1,1,0,""
2009,"IN",6459.325,10.2,22.5,299789,"Indiana",1,2019,2019,2019,1,1,0,""
2009,"KS",2832.704,7,29.5,141902.5,"Kansas",1,2022,2022,2022,1,1,0,""
2009,"KY",4317.074,10.6,21,178112.9,"Kentucky",1,2023,2023,2023,1,1,0,""
2009,"LA",4491.648,6.7,21.4,241868.8,"Louisiana",1,2021,2021,2022,1,1,0,""
2009,"MA",6517.613,8.2,38.2,441307.6,"Massachusetts",1,2022,2023,2023,1,1,0,""
2009,"MD",5730.388,7.1,35.7,336285.8,"Maryland",1,2021,2021,2021,1,1,0,""
2009,"ME",1329.59,8.3,26.9,58771.9,"Maine",1,2022,2023,2023,1,1,0,""
2009,"MI",9901.591,13.5,24.6,416297.1,"Michigan",1,2019,2020,2021,1,1,0,""
2009,"MN",5281.203,7.7,31.5,296875.2,"Minnesota",0,NA,NA,NA,0,0,0,""
2009,"MO",5961.088,9.1,25.2,289566.8,"Missouri",0,NA,NA,NA,0,0,0,""
2009,"MS",2958.774,9.2,19.6,105360,"Mississippi",1,2017,2017,NA,0,1,0,""
2009,"MT",983.982,7.1,27.4,40938.4,"Montana",1,2019,2019,NA,0,1,0,""
2009,"NC",9449.566,10.8,26.5,473610.5,"North Carolina",1,2019,2019,2023,1,1,0,"retail is tribal"
2009,"ND",664.968,3.9,25.8,35971.3,"North Dakota",1,2018,2018,2018,0,1,1,""
2009,"NE",1812.683,4.6,27.4,99986.4,"Nebraska",1,2021,2021,NA,0,1,0,""
2009,"NH",1316.102,6.1,32,70498.6,"New Hampshire",1,2019,2019,2019,1,1,0,""
2009,"NJ",8755.602,8.8,34.5,546362.2,"New Jersey",1,2018,2018,2018,1,1,0,""
2009,"NM",2036.802,7.1,25.3,90829.2,"New Mexico",1,2018,2018,NA,0,1,1,""
2009,"NV",2684.665,11.1,21.8,140304.3,"Nevada",1,1949,1949,2010,1,1,0,""
2009,"NY",19307.066,8.4,32.4,1379504.6,"New York",1,2013,2019,2022,1,1,0,"https://www.deucescracked.com/ny-sports-betting-guide-getting-started-2025-update/"
2009,"OH",11528.896,10.2,24.1,550982.4,"Ohio",1,2021,2021,2021,1,1,0,""
2009,"OK",3717.572,6.5,22.7,156856.8,"Oklahoma",0,NA,NA,NA,0,0,0,""
2009,"OR",3808.6,10.6,29.2,176951.6,"Oregon",1,2019,2019,2019,1,1,0,""
2009,"PA",12666.858,8,26.4,645206.7,"Pennsylvania",1,2017,2017,2017,1,1,0,""
2009,"RI",1053.646,11.2,30.5,54481.5,"Rhode Island",1,2018,2018,2019,1,1,0,""
2009,"SC",4589.872,11,24.3,184081.3,"South Carolina",0,NA,NA,NA,0,0,0,""
2009,"SD",807.067,4.6,25.1,44255.8,"South Dakota",1,2021,2021,NA,0,1,0,""
2009,"TN",6306.019,10.4,23,287308.9,"Tennessee",1,2019,NA,2019,1,0,0,""
2009,"TX",24801.761,7.6,25.5,1285560.2,"Texas",0,NA,NA,NA,0,0,0,""
2009,"UT",2723.421,7.6,28.5,130958.7,"Utah",0,NA,NA,NA,0,0,0,""
2009,"VA",7925.937,6.8,34,460075.3,"Virginia",1,2020,2020,2020,1,1,0,""
2009,"VT",624.817,6.5,33.1,29565.8,"Vermont",1,2023,NA,2023,1,0,0,""
2009,"WA",6667.426,9,31,390814,"Washington",1,2020,2020,NA,0,1,1,"tribal-only"
2009,"WI",5669.264,8.8,25.7,277279.4,"Wisconsin",1,2021,2021,NA,0,1,1,"tribal-only"
2009,"WV",1847.775,8,17.3,70886.5,"West Virginia",1,2018,2018,2018,1,1,0,""
2009,"WY",559.851,6.3,23.8,40599.6,"Wyoming",1,2021,2021,2021,1,1,0,""
2010,"AK",713.982,8,27.9,53652,"Alaska",0,NA,NA,NA,0,0,0,""
2010,"AL",4785.514,10.4,21.9,199455,"Alabama",0,NA,NA,NA,0,0,0,""
2010,"AR",2921.998,7.8,19.5,113000.9,"Arkansas",1,2018,2019,2022,1,1,0,""
2010,"AZ",6407.342,10.4,25.9,282252.4,"Arizona",1,2021,2021,2021,1,1,0,""
2010,"CA",37319.55,12.3,30.1,2153852.8,"California",0,NA,NA,NA,0,0,0,""
2010,"CO",5047.539,9.1,36.4,279385.6,"Colorado",1,2019,2020,2020,1,1,0,""
2010,"CT",3579.173,9.5,35.5,266773.4,"Connecticut",1,2021,2021,2021,1,1,0,""
2010,"DE",899.647,8.3,27.8,68291.9,"Delaware",1,2018,2018,2018,1,1,0,""
2010,"FL",18846.143,11.3,25.8,851956.4,"Florida",1,2021,2023,2023,1,1,0,"lawsuit in 2021 that shut down operations"
2010,"GA",9712.209,10.4,27.3,471588.3,"Georgia",0,NA,NA,NA,0,0,0,""
2010,"HI",1364.004,6.7,29.5,76130.2,"Hawaii",0,NA,NA,NA,0,0,0,""
2010,"IA",3050.819,6.1,24.9,161593.1,"Iowa",1,2019,2019,2019,1,1,0,""
2010,"ID",1570.819,9.1,24.4,62626.4,"Idaho",0,NA,NA,NA,0,0,0,""
2010,"IL",12840.545,10.4,30.8,755391.4,"Illinois",1,2019,2020,2020,1,1,0,""
2010,"IN",6490.555,10,22.7,320731.8,"Indiana",1,2019,2019,2019,1,1,0,""
2010,"KS",2858.266,6.9,29.8,143870.1,"Kansas",1,2022,2022,2022,1,1,0,""
2010,"KY",4348.464,10.3,20.5,186720.6,"Kentucky",1,2023,2023,2023,1,1,0,""
2010,"LA",4544.635,7.4,21.4,253466.9,"Louisiana",1,2021,2021,2022,1,1,0,""
2010,"MA",6566.44,8.1,39,462330.8,"Massachusetts",1,2022,2023,2023,1,1,0,""
2010,"MD",5788.784,7.8,36.1,352622.9,"Maryland",1,2021,2021,2021,1,1,0,""
2010,"ME",1327.651,8.4,26.8,59958.6,"Maine",1,2022,2023,2023,1,1,0,""
2010,"MI",9877.597,12.7,25.2,441271.5,"Michigan",1,2019,2020,2021,1,1,0,""
2010,"MN",5310.934,7.4,31.8,308091.9,"Minnesota",0,NA,NA,NA,0,0,0,""
2010,"MO",5996.089,9.4,25.6,295986.5,"Missouri",0,NA,NA,NA,0,0,0,""
2010,"MS",2970.615,10.1,19.5,106711.8,"Mississippi",1,2017,2017,NA,0,1,0,""
2010,"MT",990.73,7.2,28.8,42469.8,"Montana",1,2019,2019,NA,0,1,0,""
2010,"NC",9574.586,10.8,26.5,482030.4,"North Carolina",1,2019,2019,2023,1,1,0,"retail is tribal"
2010,"ND",674.752,3.7,27.6,38697.4,"North Dakota",1,2018,2018,2018,0,1,1,""
2010,"NE",1829.591,4.6,28.6,103940.8,"Nebraska",1,2021,2021,NA,0,1,0,""
2010,"NH",1316.807,6.1,32.8,72950.4,"New Hampshire",1,2019,2019,2019,1,1,0,""
2010,"NJ",8799.451,9.7,35.4,554764.4,"New Jersey",1,2018,2018,2018,1,1,0,""
2010,"NM",2064.614,7.8,25,90721,"New Mexico",1,2018,2018,NA,0,1,1,""
2010,"NV",2702.483,13.3,21.7,142614.2,"Nevada",1,1949,1949,2010,1,1,0,""
2010,"NY",19399.956,8.7,32.5,1431624,"New York",1,2013,2019,2022,1,1,0,"https://www.deucescracked.com/ny-sports-betting-guide-getting-started-2025-update/"
2010,"OH",11539.449,10,24.6,563816.3,"Ohio",1,2021,2021,2021,1,1,0,""
2010,"OK",3760.014,6.4,22.9,158086.4,"Oklahoma",0,NA,NA,NA,0,0,0,""
2010,"OR",3837.614,10.6,28.8,180738.2,"Oregon",1,2019,2019,2019,1,1,0,""
2010,"PA",12711.406,8.1,27.1,666805.8,"Pennsylvania",1,2017,2017,2017,1,1,0,""
2010,"RI",1053.994,11.6,30.2,56050.6,"Rhode Island",1,2018,2018,2019,1,1,0,""
2010,"SC",4635.846,11.1,24.5,188777.2,"South Carolina",0,NA,NA,NA,0,0,0,""
2010,"SD",816.193,4.9,26.3,44810.7,"South Dakota",1,2021,2021,NA,0,1,0,""
2010,"TN",6355.518,9.8,23.1,292687,"Tennessee",1,2019,NA,2019,1,0,0,""
2010,"TX",25241.897,8.3,25.9,1323059.1,"Texas",0,NA,NA,NA,0,0,0,""
2010,"UT",2775.413,8.3,29.3,133739.1,"Utah",0,NA,NA,NA,0,0,0,""
2010,"VA",8024.004,6.8,34.2,475699.3,"Virginia",1,2020,2020,2020,1,1,0,""
2010,"VT",625.886,6.2,33.6,30890.6,"Vermont",1,2023,NA,2023,1,0,0,""
2010,"WA",6743.009,10,31.1,403471.3,"Washington",1,2020,2020,NA,0,1,1,"tribal-only"
2010,"WI",5690.538,8.4,26.3,287652.9,"Wisconsin",1,2021,2021,NA,0,1,1,"tribal-only"
2010,"WV",1854.265,8.4,17.5,71823.8,"West Virginia",1,2018,2018,2018,1,1,0,""
2010,"WY",564.531,6.9,24.1,39135.9,"Wyoming",1,2021,2021,2021,1,1,0,""
2011,"AK",722.349,7.6,26.4,54045.4,"Alaska",0,NA,NA,NA,0,0,0,""
2011,"AL",4799.642,9.6,22.3,201372.9,"Alabama",0,NA,NA,NA,0,0,0,""
2011,"AR",2941.038,7.9,20.3,115241.8,"Arkansas",1,2018,2019,2022,1,1,0,""
2011,"AZ",6473.416,9.5,26.6,290411.3,"Arizona",1,2021,2021,2021,1,1,0,""
2011,"CA",37636.311,11.7,30.3,2192887.2,"California",0,NA,NA,NA,0,0,0,""
2011,"CO",5121.9,8.7,36.7,283963.8,"Colorado",1,2019,2020,2020,1,1,0,""
2011,"CT",3588.632,9,36.2,261555.8,"Connecticut",1,2021,2021,2021,1,1,0,""
2011,"DE",907.59,7.4,28.8,71103.5,"Delaware",1,2018,2018,2018,1,1,0,""
2011,"FL",19055.607,10.2,25.8,849395.3,"Florida",1,2021,2023,2023,1,1,0,"lawsuit in 2021 that shut down operations"
2011,"GA",9803.63,10,27.6,481215.4,"Georgia",0,NA,NA,NA,0,0,0,""
2011,"HI",1379.562,6.7,29.1,77174.2,"Hawaii",0,NA,NA,NA,0,0,0,""
2011,"IA",3066.772,5.6,25.8,164559.3,"Iowa",1,2019,2019,2019,1,1,0,""
2011,"ID",1584.272,8.4,25.2,62704,"Idaho",0,NA,NA,NA,0,0,0,""
2011,"IL",12867.783,9.8,31,772225.6,"Illinois",1,2019,2020,2020,1,1,0,""
2011,"IN",6517.25,8.9,23,321532.8,"Indiana",1,2019,2019,2019,1,1,0,""
2011,"KS",2869.677,6.4,30.1,147836.8,"Kansas",1,2022,2022,2022,1,1,0,""
2011,"KY",4370.817,9.4,21.1,188389.8,"Kentucky",1,2023,2023,2023,1,1,0,""
2011,"LA",4576.244,7.3,21.1,241235.9,"Louisiana",1,2021,2021,2022,1,1,0,""
2011,"MA",6614.218,7.2,39.1,472664.3,"Massachusetts",1,2022,2023,2023,1,1,0,""
2011,"MD",5840.241,7.3,36.9,360155.9,"Maryland",1,2021,2021,2021,1,1,0,""
2011,"ME",1328.473,7.8,28.4,59429.7,"Maine",1,2022,2023,2023,1,1,0,""
2011,"MI",9883.053,10.1,25.6,453989.1,"Michigan",1,2019,2020,2021,1,1,0,""
2011,"MN",5346.62,6.6,32.4,315213.3,"Minnesota",0,NA,NA,NA,0,0,0,""
2011,"MO",6011.182,8.6,26.1,292984.3,"Missouri",0,NA,NA,NA,0,0,0,""
2011,"MS",2979.147,9.8,19.8,106491.1,"Mississippi",1,2017,2017,NA,0,1,0,""
2011,"MT",997.518,6.6,28.2,43532.2,"Montana",1,2019,2019,NA,0,1,0,""
2011,"NC",9658.913,10.4,26.9,484200.3,"North Carolina",1,2019,2019,2023,1,1,0,"retail is tribal"
2011,"ND",685.526,3.3,26.3,43300.4,"North Dakota",1,2018,2018,2018,0,1,1,""
2011,"NE",1840.914,4.4,27.9,109734.2,"Nebraska",1,2021,2021,NA,0,1,0,""
2011,"NH",1320.444,5.5,33.4,73465,"New Hampshire",1,2019,2019,2019,1,1,0,""
2011,"NJ",8828.552,9.4,35.3,548479.4,"New Jersey",1,2018,2018,2018,1,1,0,""
2011,"NM",2080.707,7.2,25.6,90552.3,"New Mexico",1,2018,2018,NA,0,1,1,""
2011,"NV",2713.114,13,22.5,144341.2,"Nevada",1,1949,1949,2010,1,1,0,""
2011,"NY",19499.921,8.4,32.9,1440346.8,"New York",1,2013,2019,2022,1,1,0,"https://www.deucescracked.com/ny-sports-betting-guide-getting-started-2025-update/"
2011,"OH",11545.735,8.8,24.7,580251.4,"Ohio",1,2021,2021,2021,1,1,0,""
2011,"OK",3788.824,5.6,23.8,163859.3,"Oklahoma",0,NA,NA,NA,0,0,0,""
2011,"OR",3872.672,9.5,29.3,185959.4,"Oregon",1,2019,2019,2019,1,1,0,""
2011,"PA",12747.052,7.7,27,676468.4,"Pennsylvania",1,2017,2017,2017,1,1,0,""
2011,"RI",1053.829,11.1,31.1,56026.6,"Rhode Island",1,2018,2018,2019,1,1,0,""
2011,"SC",4672.655,10.4,24.1,193221,"South Carolina",0,NA,NA,NA,0,0,0,""
2011,"SD",823.74,4.6,26.3,47630.4,"South Dakota",1,2021,2021,NA,0,1,0,""
2011,"TN",6400.298,9,23.6,301508.9,"Tennessee",1,2019,NA,2019,1,0,0,""
2011,"TX",25645.504,8,26.4,1370174.9,"Texas",0,NA,NA,NA,0,0,0,""
2011,"UT",2814.797,7.2,29.7,138301.1,"Utah",0,NA,NA,NA,0,0,0,""
2011,"VA",8102.437,6.3,35.1,479571.4,"Virginia",1,2020,2020,2020,1,1,0,""
2011,"VT",627.197,5.4,35.4,31663.6,"Vermont",1,2023,NA,2023,1,0,0,""
2011,"WA",6827.479,9.4,31.9,411575.7,"Washington",1,2020,2020,NA,0,1,1,"tribal-only"
2011,"WI",5705.84,7.6,26.5,293664,"Wisconsin",1,2021,2021,NA,0,1,1,"tribal-only"
2011,"WV",1856.606,7.7,18.5,73175.2,"West Virginia",1,2018,2018,2018,1,1,0,""
2011,"WY",567.491,6.1,24.7,38929.8,"Wyoming",1,2021,2021,2021,1,1,0,""
2012,"AK",730.81,7.1,28,57087.4,"Alaska",0,NA,NA,NA,0,0,0,""
2012,"AL",4816.632,8.2,23.3,203675.5,"Alabama",0,NA,NA,NA,0,0,0,""
2012,"AR",2952.876,7.3,21,116616.2,"Arkansas",1,2018,2019,2022,1,1,0,""
2012,"AZ",6556.344,8.4,27.3,297077.2,"Arizona",1,2021,2021,2021,1,1,0,""
2012,"CA",37944.551,10.4,30.9,2255437.3,"California",0,NA,NA,NA,0,0,0,""
2012,"CO",5193.66,8,37.5,289339.6,"Colorado",1,2019,2020,2020,1,1,0,""
2012,"CT",3595.211,8.4,37.1,263649.9,"Connecticut",1,2021,2021,2021,1,1,0,""
2012,"DE",915.518,7,29.5,70562.4,"Delaware",1,2018,2018,2018,1,1,0,""
2012,"FL",19302.016,8.7,26.8,857861.4,"Florida",1,2021,2023,2023,1,1,0,"lawsuit in 2021 that shut down operations"
2012,"GA",9903.58,9,28.2,489027.3,"Georgia",0,NA,NA,NA,0,0,0,""
2012,"HI",1395.199,5.8,30.1,78694,"Hawaii",0,NA,NA,NA,0,0,0,""
2012,"IA",3076.844,5,26.3,170923.8,"Iowa",1,2019,2019,2019,1,1,0,""
2012,"ID",1595.91,7.5,25.5,62007.3,"Idaho",0,NA,NA,NA,0,0,0,""
2012,"IL",12883.029,9,31.6,790723.3,"Illinois",1,2019,2020,2020,1,1,0,""
2012,"IN",6538.989,8.2,23.4,323876.3,"Indiana",1,2019,2019,2019,1,1,0,""
2012,"KS",2886.024,5.7,30.4,150077.1,"Kansas",1,2022,2022,2022,1,1,0,""
2012,"KY",4387.865,8.2,21.8,192060.2,"Kentucky",1,2023,2023,2023,1,1,0,""
2012,"LA",4602.067,6.7,22,242416.9,"Louisiana",1,2021,2021,2022,1,1,0,""
2012,"MA",6664.269,6.7,39.3,483286.3,"Massachusetts",1,2022,2023,2023,1,1,0,""
2012,"MD",5888.375,6.9,36.9,361561.8,"Maryland",1,2021,2021,2021,1,1,0,""
2012,"ME",1328.094,7.2,28,59181.7,"Maine",1,2022,2023,2023,1,1,0,""
2012,"MI",9898.289,9.1,26,463302.6,"Michigan",1,2019,2020,2021,1,1,0,""
2012,"MN",5377.5,5.7,33.2,321053.8,"Minnesota",0,NA,NA,NA,0,0,0,""
2012,"MO",6026.027,7.1,26.4,296514.3,"Missouri",0,NA,NA,NA,0,0,0,""
2012,"MS",2984.599,8.8,20.7,108646.5,"Mississippi",1,2017,2017,NA,0,1,0,""
2012,"MT",1004.168,5.8,29.4,44329.1,"Montana",1,2019,2019,NA,0,1,0,""
2012,"NC",9751.81,9.6,27.4,488126.5,"North Carolina",1,2019,2019,2023,1,1,0,"retail is tribal"
2012,"ND",702.227,2.9,27.9,53326.8,"North Dakota",1,2018,2018,2018,0,1,1,""
2012,"NE",1853.691,3.9,29,109686.3,"Nebraska",1,2021,2021,NA,0,1,0,""
2012,"NH",1324.677,5.5,34.6,74082.8,"New Hampshire",1,2019,2019,2019,1,1,0,""
2012,"NJ",8845.671,9.5,36.2,560729.7,"New Jersey",1,2018,2018,2018,1,1,0,""
2012,"NM",2087.715,7,26.1,90762.4,"New Mexico",1,2018,2018,NA,0,1,1,""
2012,"NV",2744.67,11.5,22.4,142986.1,"Nevada",1,1949,1949,2010,1,1,0,""
2012,"NY",19574.362,8.7,33.4,1496280.1,"New York",1,2013,2019,2022,1,1,0,"https://www.deucescracked.com/ny-sports-betting-guide-getting-started-2025-update/"
2012,"OH",11550.971,7.4,25.2,586540.9,"Ohio",1,2021,2021,2021,1,1,0,""
2012,"OK",3819.32,5.1,23.8,172016.1,"Oklahoma",0,NA,NA,NA,0,0,0,""
2012,"OR",3900.102,8.7,29.9,187352.4,"Oregon",1,2019,2019,2019,1,1,0,""
2012,"PA",12769.123,7.6,27.8,689007,"Pennsylvania",1,2017,2017,2017,1,1,0,""
2012,"RI",1054.893,10.3,31.4,56487.4,"Rhode Island",1,2018,2018,2019,1,1,0,""
2012,"SC",4719.027,9,25.1,195406.1,"South Carolina",0,NA,NA,NA,0,0,0,""
2012,"SD",833.859,4,26.3,48653.9,"South Dakota",1,2021,2021,NA,0,1,0,""
2012,"TN",6455.752,7.9,24.3,311754.2,"Tennessee",1,2019,NA,2019,1,0,0,""
2012,"TX",26084.12,6.7,26.7,1438354.4,"Texas",0,NA,NA,NA,0,0,0,""
2012,"UT",2854.146,4.8,30.7,140622.5,"Utah",0,NA,NA,NA,0,0,0,""
2012,"VA",8187.456,5.8,35.5,483041.4,"Virginia",1,2020,2020,2020,1,1,0,""
2012,"VT",626.361,4.8,35.8,31898.2,"Vermont",1,2023,NA,2023,1,0,0,""
2012,"WA",6898.599,8.4,31.7,426447,"Washington",1,2020,2020,NA,0,1,1,"tribal-only"
2012,"WI",5720.825,6.9,27.1,299007.7,"Wisconsin",1,2021,2021,NA,0,1,1,"tribal-only"
2012,"WV",1857.446,7.2,18.6,73124.5,"West Virginia",1,2018,2018,2018,1,1,0,""
2012,"WY",576.656,5.4,24.7,38085,"Wyoming",1,2021,2021,2021,1,1,0,""
2013,"AK",737.626,6.9,28,54627.7,"Alaska",0,NA,NA,NA,0,0,0,""
2013,"AL",4831.586,7.4,23.5,206962.9,"Alabama",0,NA,NA,NA,0,0,0,""
2013,"AR",2960.459,7,20.6,119842.8,"Arkansas",1,2018,2019,2022,1,1,0,""
2013,"AZ",6634.69,7.8,27.4,298859.9,"Arizona",1,2021,2021,2021,1,1,0,""
2013,"CA",38253.768,9,31,2340335.3,"California",0,NA,NA,NA,0,0,0,""
2013,"CO",5270.774,6.7,37.8,301484.2,"Colorado",1,2019,2020,2020,1,1,0,""
2013,"CT",3595.792,8,37.2,258911,"Connecticut",1,2021,2021,2021,1,1,0,""
2013,"DE",924.062,6.5,29.8,68656.8,"Delaware",1,2018,2018,2018,1,1,0,""
2013,"FL",19551.678,7.5,27.2,880183.5,"Florida",1,2021,2023,2023,1,1,0,"lawsuit in 2021 that shut down operations"
2013,"GA",9975.592,8.1,28.3,499900.2,"Georgia",0,NA,NA,NA,0,0,0,""
2013,"HI",1408.822,4.7,31.2,80534.9,"Hawaii",0,NA,NA,NA,0,0,0,""
2013,"IA",3093.935,4.7,26.4,171069.2,"Iowa",1,2019,2019,2019,1,1,0,""
2013,"ID",1612.053,6.9,26.2,64769.8,"Idaho",0,NA,NA,NA,0,0,0,""
2013,"IL",12895.778,9.1,32.1,795435.2,"Illinois",1,2019,2020,2020,1,1,0,""
2013,"IN",6570.575,7.5,23.8,333207.4,"Indiana",1,2019,2019,2019,1,1,0,""
2013,"KS",2894.306,5.3,31.1,150702.9,"Kansas",1,2022,2022,2022,1,1,0,""
2013,"KY",4406.906,7.9,22.6,196698.1,"Kentucky",1,2023,2023,2023,1,1,0,""
2013,"LA",4626.04,6.4,22.5,236482.3,"Louisiana",1,2021,2021,2022,1,1,0,""
2013,"MA",6715.158,6.7,40.3,486991.8,"Massachusetts",1,2022,2023,2023,1,1,0,""
2013,"MD",5925.197,6.6,37.4,364633.3,"Maryland",1,2021,2021,2021,1,1,0,""
2013,"ME",1328.543,6.7,28.2,59014,"Maine",1,2022,2023,2023,1,1,0,""
2013,"MI",9914.802,8.7,26.9,472779.9,"Michigan",1,2019,2020,2021,1,1,0,""
2013,"MN",5414.722,5,33.5,329774.5,"Minnesota",0,NA,NA,NA,0,0,0,""
2013,"MO",6042.989,6.8,27,302025.7,"Missouri",0,NA,NA,NA,0,0,0,""
2013,"MS",2989.839,8.5,20.4,109032.7,"Mississippi",1,2017,2017,NA,0,1,0,""
2013,"MT",1014.158,5.3,29,45114.7,"Montana",1,2019,2019,NA,0,1,0,""
2013,"NC",9846.717,7.8,28.4,497456.6,"North Carolina",1,2019,2019,2023,1,1,0,"retail is tribal"
2013,"ND",723.149,2.9,27.1,54690.9,"North Dakota",1,2018,2018,2018,0,1,1,""
2013,"NE",1865.813,3.7,29.4,111382.2,"Nebraska",1,2021,2021,NA,0,1,0,""
2013,"NH",1327.272,5.3,34.6,75503.4,"New Hampshire",1,2019,2019,2019,1,1,0,""
2013,"NJ",8857.821,8.4,36.6,570952.4,"New Jersey",1,2018,2018,2018,1,1,0,""
2013,"NM",2092.833,6.9,26.4,90104.1,"New Mexico",1,2018,2018,NA,0,1,1,""
2013,"NV",2776.956,10,22.5,144549.3,"Nevada",1,1949,1949,2010,1,1,0,""
2013,"NY",19626.488,7.8,34.1,1501818.1,"New York",1,2013,2019,2022,1,1,0,"https://www.deucescracked.com/ny-sports-betting-guide-getting-started-2025-update/"
2013,"OH",11579.692,7.4,26.1,603057.4,"Ohio",1,2021,2021,2021,1,1,0,""
2013,"OK",3853.891,5.1,23.8,176086.8,"Oklahoma",0,NA,NA,NA,0,0,0,""
2013,"OR",3924.11,7.8,30.7,189609.8,"Oregon",1,2019,2019,2019,1,1,0,""
2013,"PA",12779.538,7.1,28.7,704195,"Pennsylvania",1,2017,2017,2017,1,1,0,""
2013,"RI",1055.56,9.5,32.4,57037.2,"Rhode Island",1,2018,2018,2019,1,1,0,""
2013,"SC",4766.469,7.4,26.1,200147.3,"South Carolina",0,NA,NA,NA,0,0,0,""
2013,"SD",842.751,3.7,26.6,48610.1,"South Dakota",1,2021,2021,NA,0,1,0,""
2013,"TN",6496.943,7.6,24.8,318347.9,"Tennessee",1,2019,NA,2019,1,0,0,""
2013,"TX",26479.646,6.3,27.5,1511806.6,"Texas",0,NA,NA,NA,0,0,0,""
2013,"UT",2898.773,4.2,31.3,145026.9,"Utah",0,NA,NA,NA,0,0,0,""
2013,"VA",8255.861,5.5,36.1,488741.3,"Virginia",1,2020,2020,2020,1,1,0,""
2013,"VT",626.603,4.4,35.7,31494.6,"Vermont",1,2023,NA,2023,1,0,0,""
2013,"WA",6966.252,6.6,32.7,439472.2,"Washington",1,2020,2020,NA,0,1,1,"tribal-only"
2013,"WI",5738.012,6.7,27.7,301550.5,"Wisconsin",1,2021,2021,NA,0,1,1,"tribal-only"
2013,"WV",1854.768,6.7,18.9,73949,"West Virginia",1,2018,2018,2018,1,1,0,""
2013,"WY",582.62,4.7,26.6,38408.8,"Wyoming",1,2021,2021,2021,1,1,0,""
2014,"AK",737.075,6.7,28,53303.3,"Alaska",0,NA,NA,NA,0,0,0,""
2014,"AL",4843.737,6.8,23.5,206070,"Alabama",0,NA,NA,NA,0,0,0,""
2014,"AR",2968.759,5.9,21.4,121409.4,"Arkansas",1,2018,2019,2022,1,1,0,""
2014,"AZ",6732.873,6.8,27.6,301721.2,"Arizona",1,2021,2021,2021,1,1,0,""
2014,"CA",38586.706,7.6,31.7,2428675.7,"California",0,NA,NA,NA,0,0,0,""
2014,"CO",5352.637,5,38.3,315399.1,"Colorado",1,2019,2020,2020,1,1,0,""
2014,"CT",3595.697,6.6,38,260605.8,"Connecticut",1,2021,2021,2021,1,1,0,""
2014,"DE",933.131,5.6,30.6,73961.8,"Delaware",1,2018,2018,2018,1,1,0,""
2014,"FL",19853.88,6.4,27.3,905648.5,"Florida",1,2021,2023,2023,1,1,0,"lawsuit in 2021 that shut down operations"
2014,"GA",10071.204,7.2,29.1,517511.9,"Georgia",0,NA,NA,NA,0,0,0,""
2014,"HI",1415.335,4.2,31,81304.9,"Hawaii",0,NA,NA,NA,0,0,0,""
2014,"IA",3110.643,4.3,27.7,180310,"Iowa",1,2019,2019,2019,1,1,0,""
2014,"ID",1632.248,4.4,25,66784.9,"Idaho",0,NA,NA,NA,0,0,0,""
2014,"IL",12885.092,7.2,32.8,811490.1,"Illinois",1,2019,2020,2020,1,1,0,""
2014,"IN",6596.019,6,24.7,343827.8,"Indiana",1,2019,2019,2019,1,1,0,""
2014,"KS",2901.861,4.5,31.5,154110.1,"Kansas",1,2022,2022,2022,1,1,0,""
2014,"KY",4416.992,6.4,22.2,196795.8,"Kentucky",1,2023,2023,2023,1,1,0,""
2014,"LA",4645.938,6.2,22.9,243042.9,"Louisiana",1,2021,2021,2022,1,1,0,""
2014,"MA",6764.864,5.8,41.2,496250.9,"Massachusetts",1,2022,2023,2023,1,1,0,""
2014,"MD",5960.064,5.7,38.2,370344,"Maryland",1,2021,2021,2021,1,1,0,""
2014,"ME",1331.217,5.6,29.4,59589.8,"Maine",1,2022,2023,2023,1,1,0,""
2014,"MI",9932.033,7.2,27.4,479534.9,"Michigan",1,2019,2020,2021,1,1,0,""
2014,"MN",5452.665,4.2,34.3,338623.9,"Minnesota",0,NA,NA,NA,0,0,0,""
2014,"MO",6059.13,6.2,27.5,303617.9,"Missouri",0,NA,NA,NA,0,0,0,""
2014,"MS",2991.892,7.6,21.1,109299.6,"Mississippi",1,2017,2017,NA,0,1,0,""
2014,"MT",1022.657,4.6,29.3,46166.7,"Montana",1,2019,2019,NA,0,1,0,""
2014,"NC",9937.295,6.1,28.7,509782.4,"North Carolina",1,2019,2019,2023,1,1,0,"retail is tribal"
2014,"ND",738.736,2.7,27.4,60193,"North Dakota",1,2018,2018,2018,0,1,1,""
2014,"NE",1879.955,3.2,29.5,115651.9,"Nebraska",1,2021,2021,NA,0,1,0,""
2014,"NH",1334.257,4.3,35,76836.2,"New Hampshire",1,2019,2019,2019,1,1,0,""
2014,"NJ",8867.277,6.7,37.4,570696.4,"New Jersey",1,2018,2018,2018,1,1,0,""
2014,"NM",2090.236,6.6,26.4,92621.1,"New Mexico",1,2018,2018,NA,0,1,1,""
2014,"NV",2818.935,8.2,23.1,145303.6,"Nevada",1,1949,1949,2010,1,1,0,""
2014,"NY",19653.431,6.3,34.5,1535376,"New York",1,2013,2019,2022,1,1,0,"https://www.deucescracked.com/ny-sports-betting-guide-getting-started-2025-update/"
2014,"OH",11606.573,5.8,26.6,624973.4,"Ohio",1,2021,2021,2021,1,1,0,""
2014,"OK",3879.187,4.3,24.2,186574.5,"Oklahoma",0,NA,NA,NA,0,0,0,""
2014,"OR",3965.447,6.6,30.8,195808.2,"Oregon",1,2019,2019,2019,1,1,0,""
2014,"PA",12792.392,6,29,718691.6,"Pennsylvania",1,2017,2017,2017,1,1,0,""
2014,"RI",1056.511,7.8,30.4,57602.7,"Rhode Island",1,2018,2018,2019,1,1,0,""
2014,"SC",4826.858,6.3,26.3,206077.9,"South Carolina",0,NA,NA,NA,0,0,0,""
2014,"SD",849.67,3.3,27.8,49640.9,"South Dakota",1,2021,2021,NA,0,1,0,""
2014,"TN",6544.617,6.6,25.3,323879.6,"Tennessee",1,2019,NA,2019,1,0,0,""
2014,"TX",26963.092,5.2,27.8,1559636.1,"Texas",0,NA,NA,NA,0,0,0,""
2014,"UT",2938.327,3.6,31.1,150076.3,"Utah",0,NA,NA,NA,0,0,0,""
2014,"VA",8315.43,5.1,36.7,488918.6,"Virginia",1,2020,2020,2020,1,1,0,""
2014,"VT",625.693,3.9,34.9,31847.7,"Vermont",1,2023,NA,2023,1,0,0,""
2014,"WA",7057.531,5.9,33.1,456186.5,"Washington",1,2020,2020,NA,0,1,1,"tribal-only"
2014,"WI",5753.199,5.4,28.4,309425.8,"Wisconsin",1,2021,2021,NA,0,1,1,"tribal-only"
2014,"WV",1850.569,6.5,19.2,74111.3,"West Virginia",1,2018,2018,2018,1,1,0,""
2014,"WY",583.159,4.4,26.6,39287.3,"Wyoming",1,2021,2021,2021,1,1,0,""
2015,"AK",738.43,6.3,29.7,53681.1,"Alaska",0,NA,NA,NA,0,0,0,""
2015,"AL",4854.803,6.1,24.2,208950.3,"Alabama",0,NA,NA,NA,0,0,0,""
2015,"AR",2979.732,5,21.8,121532.5,"Arkansas",1,2018,2019,2022,1,1,0,""
2015,"AZ",6832.81,6.1,27.7,308582.8,"Arizona",1,2021,2021,2021,1,1,0,""
2015,"CA",38904.296,6.2,32.3,2545979.5,"California",0,NA,NA,NA,0,0,0,""
2015,"CO",5454.328,3.7,39.2,330526.2,"Colorado",1,2019,2020,2020,1,1,0,""
2015,"CT",3588.561,5.6,38.3,268869.8,"Connecticut",1,2021,2021,2021,1,1,0,""
2015,"DE",942.065,4.8,30.9,76211.2,"Delaware",1,2018,2018,2018,1,1,0,""
2015,"FL",20219.111,5.5,28.4,945929,"Florida",1,2021,2023,2023,1,1,0,"lawsuit in 2021 that shut down operations"
2015,"GA",10183.353,6.1,29.9,540108.5,"Georgia",0,NA,NA,NA,0,0,0,""
2015,"HI",1422.999,3.4,31.4,83857.7,"Hawaii",0,NA,NA,NA,0,0,0,""
2015,"IA",3122.541,3.7,26.8,185989.2,"Iowa",1,2019,2019,2019,1,1,0,""
2015,"ID",1652.495,3.9,26,67790.6,"Idaho",0,NA,NA,NA,0,0,0,""
2015,"IL",12859.585,6,32.9,825424.9,"Illinois",1,2019,2020,2020,1,1,0,""
2015,"IN",6611.442,4.8,24.9,341205.2,"Indiana",1,2019,2019,2019,1,1,0,""
2015,"KS",2910.717,4.2,31.7,158602.6,"Kansas",1,2022,2022,2022,1,1,0,""
2015,"KY",4429.126,5.3,23.3,199487.1,"Kentucky",1,2023,2023,2023,1,1,0,""
2015,"LA",4666.998,6.3,23.2,239584.2,"Louisiana",1,2021,2021,2022,1,1,0,""
2015,"MA",6797.484,4.8,41.5,514398.8,"Massachusetts",1,2022,2023,2023,1,1,0,""
2015,"MD",5988.528,5,38.8,378745.9,"Maryland",1,2021,2021,2021,1,1,0,""
2015,"ME",1329.098,4.4,30.1,60563,"Maine",1,2022,2023,2023,1,1,0,""
2015,"MI",9934.483,5.4,27.8,490618.7,"Michigan",1,2019,2020,2021,1,1,0,""
2015,"MN",5484.002,3.8,34.7,345456.3,"Minnesota",0,NA,NA,NA,0,0,0,""
2015,"MO",6075.411,5.1,27.8,308009.9,"Missouri",0,NA,NA,NA,0,0,0,""
2015,"MS",2990.231,6.5,20.8,109401.7,"Mississippi",1,2017,2017,NA,0,1,0,""
2015,"MT",1031.495,4.2,30.6,47765.6,"Montana",1,2019,2019,NA,0,1,0,""
2015,"NC",10037.218,5.7,29.4,525229.1,"North Carolina",1,2019,2019,2023,1,1,0,"retail is tribal"
2015,"ND",755.537,2.8,29.1,58694.5,"North Dakota",1,2018,2018,2018,0,1,1,""
2015,"NE",1892.059,3,30.2,119640.9,"Nebraska",1,2021,2021,NA,0,1,0,""
2015,"NH",1337.48,3.4,35.7,79319.3,"New Hampshire",1,2019,2019,2019,1,1,0,""
2015,"NJ",8870.312,5.7,37.6,581415,"New Jersey",1,2018,2018,2018,1,1,0,""
2015,"NM",2090.071,6.6,26.5,93503.9,"New Mexico",1,2018,2018,NA,0,1,1,""
2015,"NV",2868.531,6.9,23.6,151055.9,"Nevada",1,1949,1949,2010,1,1,0,""
2015,"NY",19657.321,5.2,35,1565835.2,"New York",1,2013,2019,2022,1,1,0,"https://www.deucescracked.com/ny-sports-betting-guide-getting-started-2025-update/"
2015,"OH",11622.315,5,26.8,633274.8,"Ohio",1,2021,2021,2021,1,1,0,""
2015,"OK",3910.518,4.3,24.6,193792.6,"Oklahoma",0,NA,NA,NA,0,0,0,""
2015,"OR",4018.542,5.5,32.2,205581.8,"Oregon",1,2019,2019,2019,1,1,0,""
2015,"PA",12789.838,5.4,29.7,734145.1,"Pennsylvania",1,2017,2017,2017,1,1,0,""
2015,"RI",1056.886,6,32.7,58388,"Rhode Island",1,2018,2018,2019,1,1,0,""
2015,"SC",4896.006,5.9,26.8,213212.4,"South Carolina",0,NA,NA,NA,0,0,0,""
2015,"SD",854.663,3,27.5,50860.7,"South Dakota",1,2021,2021,NA,0,1,0,""
2015,"TN",6595.354,5.5,25.7,335461.1,"Tennessee",1,2019,NA,2019,1,0,0,""
2015,"TX",27468.531,4.5,28.4,1634127.1,"Texas",0,NA,NA,NA,0,0,0,""
2015,"UT",2983.626,3.5,31.8,155431.5,"Utah",0,NA,NA,NA,0,0,0,""
2015,"VA",8367.303,4.4,37,498943.6,"Virginia",1,2020,2020,2020,1,1,0,""
2015,"VT",625.81,3.5,36.9,32042.9,"Vermont",1,2023,NA,2023,1,0,0,""
2015,"WA",7167.287,5.4,34.2,476715.4,"Washington",1,2020,2020,NA,0,1,1,"tribal-only"
2015,"WI",5762.927,4.4,28.4,315687.8,"Wisconsin",1,2021,2021,NA,0,1,1,"tribal-only"
2015,"WV",1843.332,6.5,19.6,74261.4,"West Virginia",1,2018,2018,2018,1,1,0,""
2015,"WY",586.389,4.3,26.2,40063.9,"Wyoming",1,2021,2021,2021,1,1,0,""
2016,"AK",742.575,6.6,29.6,53463.9,"Alaska",0,NA,NA,NA,0,0,0,""
2016,"AL",4866.824,5.8,24.7,212862.8,"Alabama",0,NA,NA,NA,0,0,0,""
2016,"AR",2991.815,4,22.4,123034.9,"Arkansas",1,2018,2019,2022,1,1,0,""
2016,"AZ",6944.767,5.5,28.9,319008.4,"Arizona",1,2021,2021,2021,1,1,0,""
2016,"CA",39149.186,5.5,32.9,2623711.7,"California",0,NA,NA,NA,0,0,0,""
2016,"CO",5543.844,3.1,39.9,337685.2,"Colorado",1,2019,2020,2020,1,1,0,""
2016,"CT",3579.83,4.9,38.6,268196.2,"Connecticut",1,2021,2021,2021,1,1,0,""
2016,"DE",949.989,4.5,31,71941.4,"Delaware",1,2018,2018,2018,1,1,0,""
2016,"FL",20627.237,4.9,28.6,978989.8,"Florida",1,2021,2023,2023,1,1,0,"lawsuit in 2021 that shut down operations"
2016,"GA",10308.442,5.5,30.5,561718.3,"Georgia",0,NA,NA,NA,0,0,0,""
2016,"HI",1428.885,2.9,31.9,85670.4,"Hawaii",0,NA,NA,NA,0,0,0,""
2016,"IA",3133.21,3.6,28.4,186729.9,"Iowa",1,2019,2019,2019,1,1,0,""
2016,"ID",1684.036,3.7,27.6,70442.5,"Idaho",0,NA,NA,NA,0,0,0,""
2016,"IL",12821.709,5.9,34,826404.7,"Illinois",1,2019,2020,2020,1,1,0,""
2016,"IN",6637.898,4.4,25.6,348439.2,"Indiana",1,2019,2019,2019,1,1,0,""
2016,"KS",2912.977,4.1,32.8,164643.7,"Kansas",1,2022,2022,2022,1,1,0,""
2016,"KY",4440.306,5.1,23.4,201007.2,"Kentucky",1,2023,2023,2023,1,1,0,""
2016,"LA",4681.346,6,23.4,235554.2,"Louisiana",1,2021,2021,2022,1,1,0,""
2016,"MA",6827.28,4,42.7,521662.8,"Massachusetts",1,2022,2023,2023,1,1,0,""
2016,"MD",6007.014,4.3,39.3,391951,"Maryland",1,2021,2021,2021,1,1,0,""
2016,"ME",1332.348,3.8,30.1,62037.1,"Maine",1,2022,2023,2023,1,1,0,""
2016,"MI",9954.117,5,28.3,500159.6,"Michigan",1,2019,2020,2021,1,1,0,""
2016,"MN",5525.36,3.9,34.8,350603.6,"Minnesota",0,NA,NA,NA,0,0,0,""
2016,"MO",6091.384,4.6,28.5,308423.3,"Missouri",0,NA,NA,NA,0,0,0,""
2016,"MS",2990.595,6,21.8,109911,"Mississippi",1,2017,2017,NA,0,1,0,""
2016,"MT",1042.137,4.3,31,47189.6,"Montana",1,2019,2019,NA,0,1,0,""
2016,"NC",10161.802,5.1,30.4,536308.5,"North Carolina",1,2019,2019,2023,1,1,0,"retail is tribal"
2016,"ND",756.114,3,29.6,54756,"North Dakota",1,2018,2018,2018,0,1,1,""
2016,"NE",1906.483,3.1,31.4,121303.1,"Nebraska",1,2021,2021,NA,0,1,0,""
2016,"NH",1343.694,2.9,36.6,80736.1,"New Hampshire",1,2019,2019,2019,1,1,0,""
2016,"NJ",8873.584,4.9,38.6,587049.7,"New Jersey",1,2018,2018,2018,1,1,0,""
2016,"NM",2092.555,6.8,27.2,93043.5,"New Mexico",1,2018,2018,NA,0,1,1,""
2016,"NV",2919.555,5.8,23.5,156007.4,"Nevada",1,1949,1949,2010,1,1,0,""
2016,"NY",19636.391,4.9,35.7,1590567.8,"New York",1,2013,2019,2022,1,1,0,"https://www.deucescracked.com/ny-sports-betting-guide-getting-started-2025-update/"
2016,"OH",11640.06,5.1,27.5,638157.5,"Ohio",1,2021,2021,2021,1,1,0,""
2016,"OK",3928.143,4.7,25.2,190093.5,"Oklahoma",0,NA,NA,NA,0,0,0,""
2016,"OR",4093.271,4.8,32.7,214769.3,"Oregon",1,2019,2019,2019,1,1,0,""
2016,"PA",12788.468,5.3,30.8,744847.1,"Pennsylvania",1,2017,2017,2017,1,1,0,""
2016,"RI",1057.816,5.2,34.1,58630,"Rhode Island",1,2018,2018,2019,1,1,0,""
2016,"SC",4963.031,4.9,27.2,220559.4,"South Carolina",0,NA,NA,NA,0,0,0,""
2016,"SD",863.693,3,28.9,51264.3,"South Dakota",1,2021,2021,NA,0,1,0,""
2016,"TN",6651.277,4.7,26.1,343544.9,"Tennessee",1,2019,NA,2019,1,0,0,""
2016,"TX",27914.064,4.7,28.9,1633863.3,"Texas",0,NA,NA,NA,0,0,0,""
2016,"UT",3044.241,3.3,32.6,162528.3,"Utah",0,NA,NA,NA,0,0,0,""
2016,"VA",8417.651,4,38.1,505107.7,"Virginia",1,2020,2020,2020,1,1,0,""
2016,"VT",624.366,3.1,36.4,32312.7,"Vermont",1,2023,NA,2023,1,0,0,""
2016,"WA",7299.961,5.2,35.1,495724.9,"Washington",1,2020,2020,NA,0,1,1,"tribal-only"
2016,"WI",5775.17,3.9,29.5,319272.3,"Wisconsin",1,2021,2021,NA,0,1,1,"tribal-only"
2016,"WV",1832.435,6.1,20.8,73513.3,"West Virginia",1,2018,2018,2018,1,1,0,""
2016,"WY",585.243,5.3,27.1,37853.5,"Wyoming",1,2021,2021,2021,1,1,0,""
2017,"AK",740.983,6.6,28.8,53550.9,"Alaska",0,NA,NA,NA,0,0,0,""
2017,"AL",4877.989,4.5,25.5,216615.5,"Alabama",0,NA,NA,NA,0,0,0,""
2017,"AR",3003.855,3.7,23.4,123882.6,"Arkansas",1,2018,2019,2022,1,1,0,""
2017,"AZ",7048.088,5,29.4,333099,"Arizona",1,2021,2021,2021,1,1,0,""
2017,"CA",39337.785,4.8,33.6,2740550.3,"California",0,NA,NA,NA,0,0,0,""
2017,"CO",5617.421,2.6,41.2,350209.1,"Colorado",1,2019,2020,2020,1,1,0,""
2017,"CT",3575.324,4.4,38.7,273875.1,"Connecticut",1,2021,2021,2021,1,1,0,""
2017,"DE",957.942,4.4,31.5,69555.6,"Delaware",1,2018,2018,2018,1,1,0,""
2017,"FL",20977.089,4.3,29.7,1014866.9,"Florida",1,2021,2023,2023,1,1,0,"lawsuit in 2021 that shut down operations"
2017,"GA",10417.031,4.8,30.9,583543.3,"Georgia",0,NA,NA,NA,0,0,0,""
2017,"HI",1425.763,2.2,32.9,87436.4,"Hawaii",0,NA,NA,NA,0,0,0,""
2017,"IA",3143.734,3.1,28.9,187125,"Iowa",1,2019,2019,2019,1,1,0,""
2017,"ID",1719.745,3.2,26.8,72935.2,"Idaho",0,NA,NA,NA,0,0,0,""
2017,"IL",12779.893,5,34.4,832826.8,"Illinois",1,2019,2020,2020,1,1,0,""
2017,"IN",6662.068,3.5,26.8,357535.8,"Indiana",1,2019,2019,2019,1,1,0,""
2017,"KS",2910.892,3.6,33.7,166273.6,"Kansas",1,2022,2022,2022,1,1,0,""
2017,"KY",4455.59,4.8,24,203564,"Kentucky",1,2023,2023,2023,1,1,0,""
2017,"LA",4673.673,5.1,23.8,239830.7,"Louisiana",1,2021,2021,2022,1,1,0,""
2017,"MA",6863.56,3.8,43.4,530129.5,"Massachusetts",1,2022,2023,2023,1,1,0,""
2017,"MD",6028.186,4.1,39.7,399714.5,"Maryland",1,2021,2021,2021,1,1,0,""
2017,"ME",1335.743,3.4,32.1,63000.6,"Maine",1,2022,2023,2023,1,1,0,""
2017,"MI",9976.752,4.6,29.1,505101.5,"Michigan",1,2019,2020,2021,1,1,0,""
2017,"MN",5569.283,3.4,36.1,354721.9,"Minnesota",0,NA,NA,NA,0,0,0,""
2017,"MO",6111.382,3.8,29.1,311273.8,"Missouri",0,NA,NA,NA,0,0,0,""
2017,"MS",2990.674,5.2,21.9,110281.4,"Mississippi",1,2017,2017,NA,0,1,0,""
2017,"MT",1053.862,4.1,32.3,48470.5,"Montana",1,2019,2019,NA,0,1,0,""
2017,"NC",10275.758,4.6,31.3,546810.2,"North Carolina",1,2019,2019,2023,1,1,0,"retail is tribal"
2017,"ND",756.755,2.6,30.7,56530.2,"North Dakota",1,2018,2018,2018,0,1,1,""
2017,"NE",1916.998,3,31.7,123219.9,"Nebraska",1,2021,2021,NA,0,1,0,""
2017,"NH",1350.395,2.8,36.9,81179.6,"New Hampshire",1,2019,2019,2019,1,1,0,""
2017,"NJ",8888.147,4.5,39.7,590086.8,"New Jersey",1,2018,2018,2018,1,1,0,""
2017,"NM",2092.844,6.1,27.1,93210.1,"New Mexico",1,2018,2018,NA,0,1,1,""
2017,"NV",2972.097,5,24.9,163199.1,"Nevada",1,1949,1949,2010,1,1,0,""
2017,"NY",19593.849,4.6,36,1624800.7,"New York",1,2013,2019,2022,1,1,0,"https://www.deucescracked.com/ny-sports-betting-guide-getting-started-2025-update/"
2017,"OH",11665.706,4.9,28,652187.5,"Ohio",1,2021,2021,2021,1,1,0,""
2017,"OK",3933.602,4,25.5,192538.6,"Oklahoma",0,NA,NA,NA,0,0,0,""
2017,"OR",4147.294,4.1,33.7,225534.6,"Oregon",1,2019,2019,2019,1,1,0,""
2017,"PA",12794.679,5,31.4,754318.1,"Pennsylvania",1,2017,2017,2017,1,1,0,""
2017,"RI",1056.554,4.5,33.5,58771.6,"Rhode Island",1,2018,2018,2019,1,1,0,""
2017,"SC",5027.102,4.2,28,224937.6,"South Carolina",0,NA,NA,NA,0,0,0,""
2017,"SD",873.732,3,28.1,51615.1,"South Dakota",1,2021,2021,NA,0,1,0,""
2017,"TN",6714.748,3.7,27.3,355417.5,"Tennessee",1,2019,NA,2019,1,0,0,""
2017,"TX",28291.024,4.4,29.6,1667313,"Texas",0,NA,NA,NA,0,0,0,""
2017,"UT",3103.54,3.2,34.6,172075,"Utah",0,NA,NA,NA,0,0,0,""
2017,"VA",8471.011,3.6,38.7,515167.2,"Virginia",1,2020,2020,2020,1,1,0,""
2017,"VT",625.132,3,38.3,32589.2,"Vermont",1,2023,NA,2023,1,0,0,""
2017,"WA",7427.951,4.7,35.5,527169.4,"Washington",1,2020,2020,NA,0,1,1,"tribal-only"
2017,"WI",5793.147,3.3,30.4,321886.8,"Wisconsin",1,2021,2021,NA,0,1,1,"tribal-only"
2017,"WV",1818.683,5.2,20.2,75172.5,"West Virginia",1,2018,2018,2018,1,1,0,""
2017,"WY",579.994,4.3,27.6,37620.3,"Wyoming",1,2021,2021,2021,1,1,0,""
2018,"AK",736.624,6.1,30.2,52479.6,"Alaska",0,NA,NA,NA,0,0,0,""
2018,"AL",4891.628,3.9,25.5,220808.8,"Alabama",0,NA,NA,NA,0,0,0,""
2018,"AR",3012.161,3.7,23.3,126371.3,"Arkansas",1,2018,2019,2022,1,1,0,""
2018,"AZ",7164.228,4.8,29.7,346398.3,"Arizona",1,2021,2021,2021,1,1,0,""
2018,"CA",39437.463,4.3,34.2,2850970.3,"California",0,NA,NA,NA,0,0,0,""
2018,"CO",5697.155,3,41.7,365204.5,"Colorado",1,2019,2020,2020,1,1,0,""
2018,"CT",3574.561,3.9,39.6,274582.8,"Connecticut",1,2021,2021,2021,1,1,0,""
2018,"DE",966.985,3.7,31.3,70856.5,"Delaware",1,2018,2018,2018,1,1,0,""
2018,"FL",21254.926,3.6,30.4,1050433.8,"Florida",1,2021,2023,2023,1,1,0,"lawsuit in 2021 that shut down operations"
2018,"GA",10519.389,4,31.9,600934.7,"Georgia",0,NA,NA,NA,0,0,0,""
2018,"HI",1423.102,2.4,33.5,88836.4,"Hawaii",0,NA,NA,NA,0,0,0,""
2018,"IA",3149.9,2.6,29,189245.1,"Iowa",1,2019,2019,2019,1,1,0,""
2018,"ID",1752.074,2.9,27.7,77652.1,"Idaho",0,NA,NA,NA,0,0,0,""
2018,"IL",12724.685,4.4,35.1,851517.2,"Illinois",1,2019,2020,2020,1,1,0,""
2018,"IN",6698.481,3.4,27.1,368762.9,"Indiana",1,2019,2019,2019,1,1,0,""
2018,"KS",2912.748,3.3,33.8,169796.9,"Kansas",1,2022,2022,2022,1,1,0,""
2018,"KY",4464.273,4.2,24.8,205940.1,"Kentucky",1,2023,2023,2023,1,1,0,""
2018,"LA",4664.45,4.8,24.3,245220.3,"Louisiana",1,2021,2021,2022,1,1,0,""
2018,"MA",6885.72,3.5,44.5,549262.1,"Massachusetts",1,2022,2023,2023,1,1,0,""
2018,"MD",6042.153,3.8,40.8,402480.9,"Maryland",1,2021,2021,2021,1,1,0,""
2018,"ME",1340.123,3.2,31.5,64806.3,"Maine",1,2022,2023,2023,1,1,0,""
2018,"MI",9987.286,4.2,29.6,516843,"Michigan",1,2019,2020,2021,1,1,0,""
2018,"MN",5608.762,3,36.7,364799.7,"Minnesota",0,NA,NA,NA,0,0,0,""
2018,"MO",6125.986,3.2,29.5,314182.4,"Missouri",0,NA,NA,NA,0,0,0,""
2018,"MS",2982.879,4.9,23.2,110174.8,"Mississippi",1,2017,2017,NA,0,1,0,""
2018,"MT",1061.818,3.7,31.7,49455,"Montana",1,2019,2019,NA,0,1,0,""
2018,"NC",10391.358,4,31.9,556573.7,"North Carolina",1,2019,2019,2023,1,1,0,"retail is tribal"
2018,"ND",760.062,2.4,29.7,58516.3,"North Dakota",1,2018,2018,2018,0,1,1,""
2018,"NE",1925.512,2.9,32.4,125543.5,"Nebraska",1,2021,2021,NA,0,1,0,""
2018,"NH",1355.064,2.6,36.8,82269.5,"New Hampshire",1,2019,2019,2019,1,1,0,""
2018,"NJ",8891.73,4,40.8,606892.2,"New Jersey",1,2018,2018,2018,1,1,0,""
2018,"NM",2093.754,4.9,27.7,96077,"New Mexico",1,2018,2018,NA,0,1,1,""
2018,"NV",3030.725,4.4,24.9,168638.5,"Nevada",1,1949,1949,2010,1,1,0,""
2018,"NY",19544.098,4.1,37.2,1665186.8,"New York",1,2013,2019,2022,1,1,0,"https://www.deucescracked.com/ny-sports-betting-guide-getting-started-2025-update/"
2018,"OH",11680.892,4.5,29,656212,"Ohio",1,2021,2021,2021,1,1,0,""
2018,"OK",3943.488,3.3,25.6,196030.5,"Oklahoma",0,NA,NA,NA,0,0,0,""
2018,"OR",4183.538,4,34,234308.4,"Oregon",1,2019,2019,2019,1,1,0,""
2018,"PA",12809.107,4.4,31.8,763855.4,"Pennsylvania",1,2017,2017,2017,1,1,0,""
2018,"RI",1059.338,4.1,34.4,58740.2,"Rhode Island",1,2018,2018,2019,1,1,0,""
2018,"SC",5091.702,3.4,28.3,231663.3,"South Carolina",0,NA,NA,NA,0,0,0,""
2018,"SD",879.386,2.8,29.2,51937.8,"South Dakota",1,2021,2021,NA,0,1,0,""
2018,"TN",6778.18,3.5,27.5,362363.7,"Tennessee",1,2019,NA,2019,1,0,0,""
2018,"TX",28624.564,3.9,30.3,1746543.3,"Texas",0,NA,NA,NA,0,0,0,""
2018,"UT",3155.153,2.9,34.9,182106,"Utah",0,NA,NA,NA,0,0,0,""
2018,"VA",8510.92,3,39.3,527767.5,"Virginia",1,2020,2020,2020,1,1,0,""
2018,"VT",624.802,2.5,38.7,32827.8,"Vermont",1,2023,NA,2023,1,0,0,""
2018,"WA",7526.793,4.4,36.7,561785.7,"Washington",1,2020,2020,NA,0,1,1,"tribal-only"
2018,"WI",5809.319,3,30,328832.4,"Wisconsin",1,2021,2021,NA,0,1,1,"tribal-only"
2018,"WV",1805.953,5.1,21.3,77406.5,"West Virginia",1,2018,2018,2018,1,1,0,""
2018,"WY",579.054,4.1,26.9,37977.2,"Wyoming",1,2021,2021,2021,1,1,0,""
2019,"AK",733.603,5.6,30.2,52377.5,"Alaska",0,NA,NA,NA,0,0,0,""
2019,"AL",4907.965,3.2,26.3,225272.8,"Alabama",0,NA,NA,NA,0,0,0,""
2019,"AR",3020.985,3.5,23.3,127220,"Arkansas",1,2018,2019,2022,1,1,0,""
2019,"AZ",7291.843,4.8,30.2,359576.8,"Arizona",1,2021,2021,2021,1,1,0,""
2019,"CA",39437.61,4.1,35,2969609,"California",0,NA,NA,NA,0,0,0,""
2019,"CO",5758.486,2.7,42.7,383725.7,"Colorado",1,2019,2020,2020,1,1,0,""
2019,"CT",3566.022,3.6,39.8,275225.4,"Connecticut",1,2021,2021,2021,1,1,0,""
2019,"DE",976.668,3.6,33.2,74627.8,"Delaware",1,2018,2018,2018,1,1,0,""
2019,"FL",21492.056,3.2,30.7,1084913.9,"Florida",1,2021,2023,2023,1,1,0,"lawsuit in 2021 that shut down operations"
2019,"GA",10628.02,3.6,32.5,620744.9,"Georgia",0,NA,NA,NA,0,0,0,""
2019,"HI",1415.615,2.5,33.6,88855.2,"Hawaii",0,NA,NA,NA,0,0,0,""
2019,"IA",3159.596,2.7,29.3,188471.4,"Iowa",1,2019,2019,2019,1,1,0,""
2019,"ID",1789.06,2.9,28.7,81144.3,"Idaho",0,NA,NA,NA,0,0,0,""
2019,"IL",12667.017,4,35.8,858018.3,"Illinois",1,2019,2020,2020,1,1,0,""
2019,"IN",6731.01,3.3,26.9,370507.2,"Indiana",1,2019,2019,2019,1,1,0,""
2019,"KS",2912.635,3.2,34,169562.3,"Kansas",1,2022,2022,2022,1,1,0,""
2019,"KY",4472.345,4.1,25.1,211783.1,"Kentucky",1,2023,2023,2023,1,1,0,""
2019,"LA",4658.285,4.6,25,246674.5,"Louisiana",1,2021,2021,2022,1,1,0,""
2019,"MA",6894.883,3.1,45,566326.8,"Massachusetts",1,2022,2023,2023,1,1,0,""
2019,"MD",6054.954,3.4,40.9,402506.3,"Maryland",1,2021,2021,2021,1,1,0,""
2019,"ME",1345.77,2.9,33.2,66758.4,"Maine",1,2022,2023,2023,1,1,0,""
2019,"MI",9984.795,4.1,30,521085,"Michigan",1,2019,2020,2021,1,1,0,""
2019,"MN",5640.053,3.3,37.3,369617.4,"Minnesota",0,NA,NA,NA,0,0,0,""
2019,"MO",6140.475,3.2,30.2,321329.1,"Missouri",0,NA,NA,NA,0,0,0,""
2019,"MS",2978.227,5.5,22.3,111207.8,"Mississippi",1,2017,2017,NA,0,1,0,""
2019,"MT",1070.123,3.5,33.6,50263.5,"Montana",1,2019,2019,NA,0,1,0,""
2019,"NC",10501.384,3.9,32.3,567975,"North Carolina",1,2019,2019,2023,1,1,0,"retail is tribal"
2019,"ND",763.724,2.2,30.4,59408.5,"North Dakota",1,2018,2018,2018,0,1,1,""
2019,"NE",1932.571,3.1,33.2,127568.9,"Nebraska",1,2021,2021,NA,0,1,0,""
2019,"NH",1360.783,2.6,37.6,84438.2,"New Hampshire",1,2019,2019,2019,1,1,0,""
2019,"NJ",8891.258,3.5,41.2,618691,"New Jersey",1,2018,2018,2018,1,1,0,""
2019,"NM",2099.634,5,27.7,100342.2,"New Mexico",1,2018,2018,NA,0,1,1,""
2019,"NV",3090.771,4.1,25.7,176029.7,"Nevada",1,1949,1949,2010,1,1,0,""
2019,"NY",19463.131,3.9,37.8,1704364.3,"New York",1,2013,2019,2022,1,1,0,"https://www.deucescracked.com/ny-sports-betting-guide-getting-started-2025-update/"
2019,"OH",11696.507,4.1,29.3,674063.9,"Ohio",1,2021,2021,2021,1,1,0,""
2019,"OK",3960.676,3.1,26.2,200072.2,"Oklahoma",0,NA,NA,NA,0,0,0,""
2019,"OR",4216.116,3.7,34.5,239794.8,"Oregon",1,2019,2019,2019,1,1,0,""
2019,"PA",12798.883,4.3,32.3,771852.5,"Pennsylvania",1,2017,2017,2017,1,1,0,""
2019,"RI",1058.158,3.5,34.8,60157.6,"Rhode Island",1,2018,2018,2019,1,1,0,""
2019,"SC",5157.702,2.8,29.6,239021.3,"South Carolina",0,NA,NA,NA,0,0,0,""
2019,"SD",887.127,2.7,29.7,52510.2,"South Dakota",1,2021,2021,NA,0,1,0,""
2019,"TN",6830.325,3.3,28.7,370197.4,"Tennessee",1,2019,NA,2019,1,0,0,""
2019,"TX",28986.794,3.5,30.8,1806736.1,"Texas",0,NA,NA,NA,0,0,0,""
2019,"UT",3203.383,2.5,34.8,192760.6,"Utah",0,NA,NA,NA,0,0,0,""
2019,"VA",8556.642,2.7,39.6,541028,"Virginia",1,2020,2020,2020,1,1,0,""
2019,"VT",624.046,2.1,38.7,33339.4,"Vermont",1,2023,NA,2023,1,0,0,""
2019,"WA",7614.024,4.2,37,588794.4,"Washington",1,2020,2020,NA,0,1,1,"tribal-only"
2019,"WI",5824.581,3.2,31.3,333256.8,"Wisconsin",1,2021,2021,NA,0,1,1,"tribal-only"
2019,"WV",1795.263,4.9,21.1,77162.2,"West Virginia",1,2018,2018,2018,1,1,0,""
2019,"WY",580.116,3.7,29.1,38577.1,"Wyoming",1,2021,2021,2021,1,1,0,""
2020,"AK",733.017,8.3,31.9,50332.8,"Alaska",0,NA,NA,NA,0,0,0,""
2020,"AL",5033.094,6.4,27.8,222288.8,"Alabama",0,NA,NA,NA,0,0,0,""
2020,"AR",3014.546,6.2,24.9,128340.9,"Arkansas",1,2018,2019,2022,1,1,0,""
2020,"AZ",7187.135,7.8,33,365027.7,"Arizona",1,2021,2021,2021,1,1,0,""
2020,"CA",39521.958,10.2,36.9,2933320.2,"California",0,NA,NA,NA,0,0,0,""
2020,"CO",5787.129,6.8,44.2,380188.8,"Colorado",1,2019,2020,2020,1,1,0,""
2020,"CT",3579.918,8,42.4,260765.2,"Connecticut",1,2021,2021,2021,1,1,0,""
2020,"DE",991.928,7.5,34.7,72506.8,"Delaware",1,2018,2018,2018,1,1,0,""
2020,"FL",21592.035,8.1,33.7,1069758.8,"Florida",1,2021,2023,2023,1,1,0,"lawsuit in 2021 that shut down operations"
2020,"GA",10732.888,6.6,34.8,604745.9,"Georgia",0,NA,NA,NA,0,0,0,""
2020,"HI",1451.252,11.7,35.5,79840.1,"Hawaii",0,NA,NA,NA,0,0,0,""
2020,"IA",3191.141,5.2,29.5,186328.2,"Iowa",1,2019,2019,2019,1,1,0,""
2020,"ID",1849.415,5.6,30.9,82717.4,"Idaho",0,NA,NA,NA,0,0,0,""
2020,"IL",12799.088,9.3,37.6,810200.9,"Illinois",1,2019,2020,2020,1,1,0,""
2020,"IN",6790.497,7.4,28.9,359787.3,"Indiana",1,2019,2019,2019,1,1,0,""
2020,"KS",2938.172,5.8,35.1,168056.9,"Kansas",1,2022,2022,2022,1,1,0,""
2020,"KY",4508.318,6.5,27.4,206049.6,"Kentucky",1,2023,2023,2023,1,1,0,""
2020,"LA",4652.301,8.7,27.2,228951.3,"Louisiana",1,2021,2021,2022,1,1,0,""
2020,"MA",6994.598,9.3,46.9,559765,"Massachusetts",1,2022,2023,2023,1,1,0,""
2020,"MD",6177.935,6.5,43.1,388782.8,"Maryland",1,2021,2021,2021,1,1,0,""
2020,"ME",1364.571,5.1,33.5,67410.9,"Maine",1,2022,2023,2023,1,1,0,""
2020,"MI",10072.703,10.1,32.1,501893.9,"Michigan",1,2019,2020,2021,1,1,0,""
2020,"MN",5710.735,6.3,37.9,357475.6,"Minnesota",0,NA,NA,NA,0,0,0,""
2020,"MO",6154.744,6.2,31.9,315332.6,"Missouri",0,NA,NA,NA,0,0,0,""
2020,"MS",2958.536,8,24.5,110322.8,"Mississippi",1,2017,2017,NA,0,1,0,""
2020,"MT",1087.23,5.8,34.6,49981.5,"Montana",1,2019,2019,NA,0,1,0,""
2020,"NC",10449.652,7.3,34.8,564504.4,"North Carolina",1,2019,2019,2023,1,1,0,"retail is tribal"
2020,"ND",779.563,5,31.8,55850.6,"North Dakota",1,2018,2018,2018,0,1,1,""
2020,"NE",1963.387,4.3,33.3,126734.9,"Nebraska",1,2021,2021,NA,0,1,0,""
2020,"NH",1378.756,6.8,40.2,83152.6,"New Hampshire",1,2019,2019,2019,1,1,0,""
2020,"NJ",9272.794,9.5,43.1,597221.4,"New Jersey",1,2018,2018,2018,1,1,0,""
2020,"NM",2118.606,7.9,30.1,97622.4,"New Mexico",1,2018,2018,NA,0,1,1,""
2020,"NV",3116.967,13.7,28,166077,"Nevada",1,1949,1949,2010,1,1,0,""
2020,"NY",20105.171,9.9,39.5,1656784.8,"New York",1,2013,2019,2022,1,1,0,"https://www.deucescracked.com/ny-sports-betting-guide-getting-started-2025-update/"
2020,"OH",11798.905,8.3,30.6,655243.3,"Ohio",1,2021,2021,2021,1,1,0,""
2020,"OK",3965.415,6.3,27,191560.9,"Oklahoma",0,NA,NA,NA,0,0,0,""
2020,"OR",4243.779,7.6,36.3,237424.3,"Oregon",1,2019,2019,2019,1,1,0,""
2020,"PA",12996.143,8.8,34,736381.3,"Pennsylvania",1,2017,2017,2017,1,1,0,""
2020,"RI",1096.53,9.3,38,58231.7,"Rhode Island",1,2018,2018,2019,1,1,0,""
2020,"SC",5132.249,6,31.7,233650.2,"South Carolina",0,NA,NA,NA,0,0,0,""
2020,"SD",887.948,4.1,28.4,52770.7,"South Dakota",1,2021,2021,NA,0,1,0,""
2020,"TN",6927.904,7.5,30.7,367863.6,"Tennessee",1,2019,NA,2019,1,0,0,""
2020,"TX",29239.57,7.7,33.2,1773657.1,"Texas",0,NA,NA,NA,0,0,0,""
2020,"UT",3284.077,4.8,36.9,194750.2,"Utah",0,NA,NA,NA,0,0,0,""
2020,"VA",8637.615,6.5,42,534532.3,"Virginia",1,2020,2020,2020,1,1,0,""
2020,"VT",642.977,5.7,42.1,32252.7,"Vermont",1,2023,NA,2023,1,0,0,""
2020,"WA",7727.209,8.7,38.4,589156.8,"Washington",1,2020,2020,NA,0,1,1,"tribal-only"
2020,"WI",5897.375,6.4,31.8,322470.6,"Wisconsin",1,2021,2021,NA,0,1,1,"tribal-only"
2020,"WV",1791.646,8.3,23.1,74553.8,"West Virginia",1,2018,2018,2018,1,1,0,""
2020,"WY",577.681,5.9,28.2,36198.2,"Wyoming",1,2021,2021,2021,1,1,0,""
2021,"AK",734.42,6.4,32.8,51454.2,"Alaska",0,NA,NA,NA,0,0,0,""
2021,"AL",5049.196,3.4,27.4,233726.6,"Alabama",0,NA,NA,NA,0,0,0,""
2021,"AR",3026.87,4,25.3,137463.6,"Arkansas",1,2018,2019,2022,1,1,0,""
2021,"AZ",7274.078,5,32.4,395035.9,"Arizona",1,2021,2021,2021,1,1,0,""
2021,"CA",39142.565,7.4,36.2,3154188.6,"California",0,NA,NA,NA,0,0,0,""
2021,"CO",5814.036,5.5,44.4,406451.9,"Colorado",1,2019,2020,2020,1,1,0,""
2021,"CT",3606.607,6.5,42.1,269838.7,"Connecticut",1,2021,2021,2021,1,1,0,""
2021,"DE",1005.062,5.4,35.6,74657.1,"Delaware",1,2018,2018,2018,1,1,0,""
2021,"FL",21831.949,4.7,33.2,1170526.3,"Florida",1,2021,2023,2023,1,1,0,"lawsuit in 2021 that shut down operations"
2021,"GA",10792.06,3.9,34.6,643013.8,"Georgia",0,NA,NA,NA,0,0,0,""
2021,"HI",1447.029,6,35.3,84408.5,"Hawaii",0,NA,NA,NA,0,0,0,""
2021,"IA",3198.613,3.9,30.5,201147.1,"Iowa",1,2019,2019,2019,1,1,0,""
2021,"ID",1904.848,3.6,30.7,88969.6,"Idaho",0,NA,NA,NA,0,0,0,""
2021,"IL",12700.641,6.1,37.1,855888.1,"Illinois",1,2019,2020,2020,1,1,0,""
2021,"IN",6815.907,3.9,28.9,387122,"Indiana",1,2019,2019,2019,1,1,0,""
2021,"KS",2938.338,3.4,35.4,172782.4,"Kansas",1,2022,2022,2022,1,1,0,""
2021,"KY",4507.583,4.5,27,215133.2,"Kentucky",1,2023,2023,2023,1,1,0,""
2021,"LA",4627.971,5.6,26.4,237839.2,"Louisiana",1,2021,2021,2022,1,1,0,""
2021,"MA",7000.474,5.3,46.6,595911.8,"Massachusetts",1,2022,2023,2023,1,1,0,""
2021,"MD",6179.403,5.2,42.5,406953.1,"Maryland",1,2021,2021,2021,1,1,0,""
2021,"ME",1378.931,4.7,36,71142.4,"Maine",1,2022,2023,2023,1,1,0,""
2021,"MI",10041.351,5.7,31.7,530380.9,"Michigan",1,2019,2020,2021,1,1,0,""
2021,"MN",5718.66,3.7,38.9,377947,"Minnesota",0,NA,NA,NA,0,0,0,""
2021,"MO",6171.374,4.1,31.7,331580.9,"Missouri",0,NA,NA,NA,0,0,0,""
2021,"MS",2947.209,5.4,24.8,115675,"Mississippi",1,2017,2017,NA,0,1,0,""
2021,"MT",1106.522,3.4,34.8,53303.7,"Montana",1,2019,2019,NA,0,1,0,""
2021,"NC",10564.32,4.9,34.9,600217.3,"North Carolina",1,2019,2019,2023,1,1,0,"retail is tribal"
2021,"ND",777.966,3.1,31.7,56419.2,"North Dakota",1,2018,2018,2018,0,1,1,""
2021,"NE",1964.537,2.6,34.4,134939.9,"Nebraska",1,2021,2021,NA,0,1,0,""
2021,"NH",1387.677,3.5,40.2,89949.3,"New Hampshire",1,2019,2019,2019,1,1,0,""
2021,"NJ",9270.541,6.7,43.1,632463.3,"New Jersey",1,2018,2018,2018,1,1,0,""
2021,"NM",2117.333,7.1,30.1,100917.6,"New Mexico",1,2018,2018,NA,0,1,1,""
2021,"NV",3148.141,6.8,27.6,182474.1,"Nevada",1,1949,1949,2010,1,1,0,""
2021,"NY",19848.276,7.1,39.9,1736222.3,"New York",1,2013,2019,2022,1,1,0,"https://www.deucescracked.com/ny-sports-betting-guide-getting-started-2025-update/"
2021,"OH",11767.344,5.2,30.7,690479,"Ohio",1,2021,2021,2021,1,1,0,""
2021,"OK",3992.238,4,27.9,194132.8,"Oklahoma",0,NA,NA,NA,0,0,0,""
2021,"OR",4254.28,5.2,36.3,250325.8,"Oregon",1,2019,2019,2019,1,1,0,""
2021,"PA",13015.571,5.9,34.5,765508.8,"Pennsylvania",1,2017,2017,2017,1,1,0,""
2021,"RI",1097.246,5.6,36.5,60803.1,"Rhode Island",1,2018,2018,2019,1,1,0,""
2021,"SC",5194.274,3.9,31.5,245752.1,"South Carolina",0,NA,NA,NA,0,0,0,""
2021,"SD",896.492,2.5,31.7,55515.9,"South Dakota",1,2021,2021,NA,0,1,0,""
2021,"TN",6965.74,4.5,30.5,400243.6,"Tennessee",1,2019,NA,2019,1,0,0,""
2021,"TX",29570.351,5.6,33.1,1879101.3,"Texas",0,NA,NA,NA,0,0,0,""
2021,"UT",3339.738,2.8,36.8,210446.9,"Utah",0,NA,NA,NA,0,0,0,""
2021,"VA",8658.91,3.8,41.8,565470.6,"Virginia",1,2020,2020,2020,1,1,0,""
2021,"VT",647.21,3.6,44.4,33721.9,"Vermont",1,2023,NA,2023,1,0,0,""
2021,"WA",7743.76,5.2,39,630051.5,"Washington",1,2020,2020,NA,0,1,1,"tribal-only"
2021,"WI",5881.608,3.8,32.5,334514,"Wisconsin",1,2021,2021,NA,0,1,1,"tribal-only"
2021,"WV",1785.618,5.1,24.1,75765.1,"West Virginia",1,2018,2018,2018,1,1,0,""
2021,"WY",579.636,4.6,29.2,37131.8,"Wyoming",1,2021,2021,2021,1,1,0,""
2022,"AK",734.442,4.3,30.6,50767.1,"Alaska",0,NA,NA,NA,0,0,0,""
2022,"AL",5076.181,2.5,28.8,238556.5,"Alabama",0,NA,NA,NA,0,0,0,""
2022,"AR",3047.704,3.2,25.4,139560.7,"Arkansas",1,2018,2019,2022,1,1,0,""
2022,"AZ",7377.566,3.7,33,410228.5,"Arizona",1,2021,2021,2021,1,1,0,""
2022,"CA",39142.414,4.3,37,3184007.8,"California",0,NA,NA,NA,0,0,0,""
2022,"CO",5850.935,3.1,45.9,418818.8,"Colorado",1,2019,2020,2020,1,1,0,""
2022,"CT",3617.925,4,41.9,278975.9,"Connecticut",1,2021,2021,2021,1,1,0,""
2022,"DE",1020.625,4.2,36.5,77149.3,"Delaware",1,2018,2018,2018,1,1,0,""
2022,"FL",22379.312,3,34.3,1239883.6,"Florida",1,2021,2023,2023,1,1,0,"lawsuit in 2021 that shut down operations"
2022,"GA",10931.805,3.2,34.7,665678.1,"Georgia",0,NA,NA,NA,0,0,0,""
2022,"HI",1440.359,3.3,35.4,86887.8,"Hawaii",0,NA,NA,NA,0,0,0,""
2022,"IA",3202.82,2.8,32.3,201580.4,"Iowa",1,2019,2019,2019,1,1,0,""
2022,"ID",1944.299,2.9,32.3,92903.7,"Idaho",0,NA,NA,NA,0,0,0,""
2022,"IL",12621.821,4.6,37.7,876536,"Illinois",1,2019,2020,2020,1,1,0,""
2022,"IN",6844.545,3.1,29.6,399280.8,"Indiana",1,2019,2019,2019,1,1,0,""
2022,"KS",2937.324,2.7,35.6,177470.2,"Kansas",1,2022,2022,2022,1,1,0,""
2022,"KY",4519.233,4.1,27.9,219755.6,"Kentucky",1,2023,2023,2023,1,1,0,""
2022,"LA",4593.687,3.7,27.1,236854.1,"Louisiana",1,2021,2021,2022,1,1,0,""
2022,"MA",7022.468,3.6,46.6,608052.9,"Massachusetts",1,2022,2023,2023,1,1,0,""
2022,"MD",6192.44,3,43.8,416406.2,"Maryland",1,2021,2021,2021,1,1,0,""
2022,"ME",1390.922,2.8,36.1,73036.2,"Maine",1,2022,2023,2023,1,1,0,""
2022,"MI",10050.877,4.1,32.1,543720.9,"Michigan",1,2019,2020,2021,1,1,0,""
2022,"MN",5721.621,2.5,39.1,384727.7,"Minnesota",0,NA,NA,NA,0,0,0,""
2022,"MO",6179.414,2.6,32.2,339652.5,"Missouri",0,NA,NA,NA,0,0,0,""
2022,"MS",2941.939,3.7,24.8,116557.1,"Mississippi",1,2017,2017,NA,0,1,0,""
2022,"MT",1122.095,2.6,34.6,55193.9,"Montana",1,2019,2019,NA,0,1,0,""
2022,"NC",10710.793,3.7,35.9,619537.2,"North Carolina",1,2019,2019,2023,1,1,0,"retail is tribal"
2022,"ND",781.057,2.1,31.8,55988,"North Dakota",1,2018,2018,2018,0,1,1,""
2022,"NE",1972.246,2.2,34.7,139441,"Nebraska",1,2021,2021,NA,0,1,0,""
2022,"NH",1396.678,2.4,41.3,91416.1,"New Hampshire",1,2019,2019,2019,1,1,0,""
2022,"NJ",9295.227,3.9,43.5,650235.8,"New Jersey",1,2018,2018,2018,1,1,0,""
2022,"NM",2113.868,4.1,30.5,103301.6,"New Mexico",1,2018,2018,NA,0,1,1,""
2022,"NV",3176.116,5.2,27,190463.3,"Nevada",1,1949,1949,2010,1,1,0,""
2022,"NY",19703.747,4.3,40,1765102.1,"New York",1,2013,2019,2022,1,1,0,"https://www.deucescracked.com/ny-sports-betting-guide-getting-started-2025-update/"
2022,"OH",11777.874,4,32,695257.9,"Ohio",1,2021,2021,2021,1,1,0,""
2022,"OK",4026.229,3,28.5,193940.5,"Oklahoma",0,NA,NA,NA,0,0,0,""
2022,"OR",4247.372,3.9,36.3,256062.8,"Oregon",1,2019,2019,2019,1,1,0,""
2022,"PA",12984.99,4.1,35.1,779360.6,"Pennsylvania",1,2017,2017,2017,1,1,0,""
2022,"RI",1099.498,3.2,39.6,62279.3,"Rhode Island",1,2018,2018,2019,1,1,0,""
2022,"SC",5287.935,3.2,32.6,254504.5,"South Carolina",0,NA,NA,NA,0,0,0,""
2022,"SD",909.723,1.9,31.6,55259.9,"South Dakota",1,2021,2021,NA,0,1,0,""
2022,"TN",7062.217,3.4,31.1,414470.8,"Tennessee",1,2019,NA,2019,1,0,0,""
2022,"TX",30113.488,3.9,33.9,1952708.6,"Texas",0,NA,NA,NA,0,0,0,""
2022,"UT",3391.011,2.4,37.9,217442.5,"Utah",0,NA,NA,NA,0,0,0,""
2022,"VA",8683.414,2.7,42.2,580475.2,"Virginia",1,2020,2020,2020,1,1,0,""
2022,"VT",648.142,2.4,44.2,34752.6,"Vermont",1,2023,NA,2023,1,0,0,""
2022,"WA",7794.123,4.1,39.5,644075.1,"Washington",1,2020,2020,NA,0,1,1,"tribal-only"
2022,"WI",5903.975,2.8,33.2,339747.9,"Wisconsin",1,2021,2021,NA,0,1,1,"tribal-only"
2022,"WV",1774.122,3.9,24.8,77188,"West Virginia",1,2018,2018,2018,1,1,0,""
2022,"WY",581.978,3.4,29.6,37827.3,"Wyoming",1,2021,2021,2021,1,1,0,""
2023,"AK",736.51,4.2,32.2,54059.7,"Alaska",0,NA,NA,NA,0,0,0,""
2023,"AL",5117.673,2.5,28.9,245354.7,"Alabama",0,NA,NA,NA,0,0,0,""
2023,"AR",3069.463,3.1,26.2,142860.6,"Arkansas",1,2018,2019,2022,1,1,0,""
2023,"AZ",7473.027,3.7,33.5,422399.6,"Arizona",1,2021,2021,2021,1,1,0,""
2023,"CA",39198.693,4.7,37.5,3248656.5,"California",0,NA,NA,NA,0,0,0,""
2023,"CO",5901.339,3.3,46.4,437056.1,"Colorado",1,2019,2020,2020,1,1,0,""
2023,"CT",3643.023,3.2,42.9,286628.5,"Connecticut",1,2021,2021,2021,1,1,0,""
2023,"DE",1036.423,3.8,36.5,78014.4,"Delaware",1,2018,2018,2018,1,1,0,""
2023,"FL",22904.868,3,34.9,1292787.6,"Florida",1,2021,2023,2023,1,1,0,"lawsuit in 2021 that shut down operations"
2023,"GA",11064.432,3.3,35.4,678201.2,"Georgia",0,NA,NA,NA,0,0,0,""
2023,"HI",1441.387,2.9,37,88614.4,"Hawaii",0,NA,NA,NA,0,0,0,""
2023,"IA",3218.414,2.9,31.5,202051.4,"Iowa",1,2019,2019,2019,1,1,0,""
2023,"ID",1971.122,3.2,32.1,95897.9,"Idaho",0,NA,NA,NA,0,0,0,""
2023,"IL",12642.259,4.5,38.3,885651.3,"Illinois",1,2019,2020,2020,1,1,0,""
2023,"IN",6880.131,3.5,30.2,404290.3,"Indiana",1,2019,2019,2019,1,1,0,""
2023,"KS",2951.5,2.9,35.8,183795.6,"Kansas",1,2022,2022,2022,1,1,0,""
2023,"KY",4550.595,4.3,27.8,224418,"Kentucky",1,2023,2023,2023,1,1,0,""
2023,"LA",4588.071,3.7,27,248615.5,"Louisiana",1,2021,2021,2022,1,1,0,""
2023,"MA",7066.568,3.5,47.8,615504.5,"Massachusetts",1,2022,2023,2023,1,1,0,""
2023,"MD",6217.062,2.2,43.7,422866.3,"Maryland",1,2021,2021,2021,1,1,0,""
2023,"ME",1399.646,2.6,37,75195.4,"Maine",1,2022,2023,2023,1,1,0,""
2023,"MI",10083.356,3.9,32.7,554256.2,"Michigan",1,2019,2020,2021,1,1,0,""
2023,"MN",5753.048,2.8,40,390907.9,"Minnesota",0,NA,NA,NA,0,0,0,""
2023,"MO",6208.038,3.1,33.2,348487.4,"Missouri",0,NA,NA,NA,0,0,0,""
2023,"MS",2943.172,3.1,25.5,119548.4,"Mississippi",1,2017,2017,NA,0,1,0,""
2023,"MT",1131.302,2.7,34.6,57373.3,"Montana",1,2019,2019,NA,0,1,0,""
2023,"NC",10881.189,3.5,36.8,638067.3,"North Carolina",1,2019,2019,2023,1,1,0,"retail is tribal"
2023,"ND",789.047,2,33.6,60348.6,"North Dakota",1,2018,2018,2018,0,1,1,""
2023,"NE",1987.864,2.3,35.3,145019.7,"Nebraska",1,2021,2021,NA,0,1,0,""
2023,"NH",1402.199,2.3,40.7,93466.7,"New Hampshire",1,2019,2019,2019,1,1,0,""
2023,"NJ",9379.642,4.3,43.8,663888.5,"New Jersey",1,2018,2018,2018,1,1,0,""
2023,"NM",2121.164,3.7,31.6,110323.7,"New Mexico",1,2018,2018,NA,0,1,1,""
2023,"NV",3214.363,5.1,28.7,195405.6,"Nevada",1,1949,1949,2010,1,1,0,""
2023,"NY",19737.367,4,40.6,1791210.7,"New York",1,2013,2019,2022,1,1,0,"https://www.deucescracked.com/ny-sports-betting-guide-getting-started-2025-update/"
2023,"OH",11824.034,3.6,32,709816.7,"Ohio",1,2021,2021,2021,1,1,0,""
2023,"OK",4063.882,3.2,28.7,207923.4,"Oklahoma",0,NA,NA,NA,0,0,0,""
2023,"OR",4253.653,3.8,37.7,261951.6,"Oregon",1,2019,2019,2019,1,1,0,""
2023,"PA",13017.721,3.7,35.3,799228.8,"Pennsylvania",1,2017,2017,2017,1,1,0,""
2023,"RI",1103.429,3,39,63277.1,"Rhode Island",1,2018,2018,2019,1,1,0,""
2023,"SC",5387.83,3,32.9,262298.5,"South Carolina",0,NA,NA,NA,0,0,0,""
2023,"SD",918.305,1.8,33.3,57275.1,"South Dakota",1,2021,2021,NA,0,1,0,""
2023,"TN",7148.304,3.2,31.7,422087.7,"Tennessee",1,2019,NA,2019,1,0,0,""
2023,"TX",30727.89,4,34.2,2097090.4,"Texas",0,NA,NA,NA,0,0,0,""
2023,"UT",3443.222,2.7,38.4,225459.4,"Utah",0,NA,NA,NA,0,0,0,""
2023,"VA",8734.685,2.7,42.4,597597.1,"Virginia",1,2020,2020,2020,1,1,0,""
2023,"VT",648.708,1.9,43.7,35236.6,"Vermont",1,2023,NA,2023,1,0,0,""
2023,"WA",7857.32,4.2,40.5,677238.1,"Washington",1,2020,2020,NA,0,1,1,"tribal-only"
2023,"WI",5930.405,2.8,33.8,344570.8,"Wisconsin",1,2021,2021,NA,0,1,1,"tribal-only"
2023,"WV",1770.495,3.9,24,80798.1,"West Virginia",1,2018,2018,2018,1,1,0,""
2023,"WY",585.067,2.9,30.4,40210.8,"Wyoming",1,2021,2021,2021,1,1,0,""
